time,sea_level_m,temperature_C,dissolved_o2,salinity_psu,current_u,current_v,current_speed_m_s,ph,turbidity_kd
2021-01-01,0.3256008,19.374306,281.69223,18.498812,-0.006414681,0.021250032,0.022197118,8.316492,0.081652164
2021-01-02,0.32619634,19.374306,281.69223,18.497107,-0.006414681,0.021250032,0.022197118,8.316492,0.081652164
2021-01-03,0.3262545,19.374306,281.69223,18.499231,-0.006414681,0.021250032,0.022197118,8.316492,0.081652164
2021-01-04,0.32598746,19.374306,281.69223,18.498491,-0.006414681,0.021250032,0.022197118,8.316492,0.081652164
2021-01-05,0.32596573,19.374306,281.69223,18.497162,-0.006414681,0.021250032,0.022197118,8.316492,0.081652164
2021-01-06,0.3263399,19.374306,281.69223,18.495749,-0.006414681,0.021250032,0.022197118,8.316492,0.081652164
2021-01-07,0.32730544,19.374306,281.69223,18.497147,-0.006414681,0.021250032,0.022197118,8.316492,0.081652164
2021-01-08,0.33029395,19.374306,281.69223,18.497303,-0.006414681,0.021250032,0.022197118,8.316492,0.081652164
2021-01-09,0.3345953,19.374306,281.69223,18.493063,-0.006414681,0.021250032,0.022197118,8.316492,0.081652164
2021-01-10,0.33776602,19.374306,281.69223,18.490177,-0.006414681,0.021250032,0.022197118,8.316492,0.081652164
2021-01-11,0.34543535,19.374306,281.69223,18.488846,-0.006414681,0.021250032,0.022197118,8.316492,0.081652164
2021-01-12,0.35716495,19.374306,281.69223,18.476908,-0.006414681,0.021250032,0.022197118,8.316492,0.081652164
2021-01-13,0.36190572,19.374306,281.69223,18.493635,-0.006414681,0.021250032,0.022197118,8.316492,0.081652164
2021-01-14,0.3631099,19.374306,281.69223,18.489231,-0.006414681,0.021250032,0.022197118,8.316492,0.081652164
2021-01-15,0.36636263,19.374306,281.69223,18.49119,-0.006414681,0.021250032,0.022197118,8.316492,0.081652164
2021-01-16,0.36507028,19.374306,281.69223,18.492872,-0.006414681,0.021250032,0.022197118,8.316492,0.081652164
2021-01-17,0.36521065,19.374306,281.69223,18.504465,-0.006414681,0.021250032,0.022197118,8.316492,0.081652164
2021-01-18,0.36267227,19.374306,281.69223,18.508188,-0.006414681,0.021250032,0.022197118,8.316492,0.081652164
2021-01-19,0.36091286,19.374306,281.69223,18.509377,-0.006414681,0.021250032,0.022197118,8.316492,0.081652164
2021-01-20,0.35816514,19.374306,281.69223,18.50698,-0.006414681,0.021250032,0.022197118,8.316492,0.081652164
2021-01-21,0.35725817,19.374306,281.69223,18.515059,-0.006414681,0.021250032,0.022197118,8.316492,0.081652164
2021-01-22,0.355727,19.374306,281.69223,18.515743,-0.006414681,0.021250032,0.022197118,8.316492,0.081652164
2021-01-23,0.3555678,19.374306,281.69223,18.51135,-0.006414681,0.021250032,0.022197118,8.316492,0.081652164
2021-01-24,0.35657427,19.374306,281.69223,18.511385,-0.006414681,0.021250032,0.022197118,8.316492,0.081652164
2021-01-25,0.35899365,19.374306,281.69223,18.511547,-0.006414681,0.021250032,0.022197118,8.316492,0.081652164
2021-01-26,0.36038122,19.374306,281.69223,18.514294,-0.006414681,0.021250032,0.022197118,8.316492,0.081652164
2021-01-27,0.36176547,19.374306,281.69223,18.515568,-0.006414681,0.021250032,0.022197118,8.316492,0.081652164
2021-01-28,0.35745436,19.374306,281.69223,18.52551,-0.006414681,0.021250032,0.022197118,8.316492,0.081652164
2021-01-29,0.35499102,19.374306,281.69223,18.525179,-0.006414681,0.021250032,0.022197118,8.316492,0.081652164
2021-01-30,0.35511556,19.374306,281.69223,18.520676,-0.006414681,0.021250032,0.022197118,8.316492,0.081652164
2021-01-31,0.35468596,19.374306,281.69223,18.528976,-0.006414681,0.021250032,0.022197118,8.316492,0.081652164
2021-02-01,0.35430062,19.374306,281.69223,18.528097,-0.006414681,0.021250032,0.022197118,8.316492,0.081652164
2021-02-02,0.3549292,19.374306,281.69223,18.533918,-0.006414681,0.021250032,0.022197118,8.316492,0.081652164
2021-02-03,0.35397983,19.374306,281.69223,18.527252,-0.006414681,0.021250032,0.022197118,8.316492,0.081652164
2021-02-04,0.3518563,19.374306,281.69223,18.53022,-0.006414681,0.021250032,0.022197118,8.316492,0.081652164
2021-02-05,0.35146487,19.374306,281.69223,18.53449,-0.006414681,0.021250032,0.022197118,8.316492,0.081652164
2021-02-06,0.3492198,19.374306,281.69223,18.537848,-0.006414681,0.021250032,0.022197118,8.316492,0.081652164
2021-02-07,0.3480145,19.374306,281.69223,18.537304,-0.006414681,0.021250032,0.022197118,8.316492,0.081652164
2021-02-08,0.34771955,19.374306,281.69223,18.525372,-0.006414681,0.021250032,0.022197118,8.316492,0.081652164
2021-02-09,0.34725624,19.374306,281.69223,18.53336,-0.006414681,0.021250032,0.022197118,8.316492,0.081652164
2021-02-10,0.34789124,19.374306,281.69223,18.531616,-0.006414681,0.021250032,0.022197118,8.316492,0.081652164
2021-02-11,0.34768564,19.374306,281.69223,18.526318,-0.006414681,0.021250032,0.022197118,8.316492,0.081652164
2021-02-12,0.34684387,19.374306,281.69223,18.533976,-0.006414681,0.021250032,0.022197118,8.316492,0.081652164
2021-02-13,0.3426217,19.374306,281.69223,18.541664,-0.006414681,0.021250032,0.022197118,8.316492,0.081652164
2021-02-14,0.33845302,19.374306,281.69223,18.548412,-0.006414681,0.021250032,0.022197118,8.316492,0.081652164
2021-02-15,0.33606213,19.374306,281.69223,18.54716,-0.006414681,0.021250032,0.022197118,8.316492,0.081652164
2021-02-16,0.33096427,19.374306,281.69223,18.549553,-0.006414681,0.021250032,0.022197118,8.316492,0.081652164
2021-02-17,0.32508352,19.374306,281.69223,18.550407,-0.006414681,0.021250032,0.022197118,8.316492,0.081652164
2021-02-18,0.3219575,19.374306,281.69223,18.550665,-0.006414681,0.021250032,0.022197118,8.316492,0.081652164
2021-02-19,0.32029298,19.374306,281.69223,18.556982,-0.006414681,0.021250032,0.022197118,8.316492,0.081652164
2021-02-20,0.31819186,19.374306,281.69223,18.562872,-0.006414681,0.021250032,0.022197118,8.316492,0.081652164
2021-02-21,0.3161701,19.374306,281.69223,18.556192,-0.006414681,0.021250032,0.022197118,8.316492,0.081652164
2021-02-22,0.31408188,19.374306,281.69223,18.547083,-0.006414681,0.021250032,0.022197118,8.316492,0.081652164
2021-02-23,0.3121611,19.374306,281.69223,18.54048,-0.006414681,0.021250032,0.022197118,8.316492,0.081652164
2021-02-24,0.30929762,19.374306,281.69223,18.54313,-0.006414681,0.021250032,0.022197118,8.316492,0.081652164
2021-02-25,0.3057979,19.374306,281.69223,18.539597,-0.006414681,0.021250032,0.022197118,8.316492,0.081652164
2021-02-26,0.30403593,19.374306,281.69223,18.528324,-0.006414681,0.021250032,0.022197118,8.316492,0.081652164
2021-02-27,0.30286327,19.374306,281.69223,18.52416,-0.006414681,0.021250032,0.022197118,8.316492,0.081652164
2021-02-28,0.30237132,19.374306,281.69223,18.532928,-0.006414681,0.021250032,0.022197118,8.316492,0.081652164
2021-03-01,0.30166945,19.374306,281.69223,18.529428,-0.006414681,0.021250032,0.022197118,8.316492,0.081652164
2021-03-02,0.2994426,19.374306,281.69223,18.53037,-0.006414681,0.021250032,0.022197118,8.316492,0.081652164
2021-03-03,0.29645443,19.374306,281.69223,18.532978,-0.006414681,0.021250032,0.022197118,8.316492,0.081652164
2021-03-04,0.29472536,19.374306,281.69223,18.529083,-0.006414681,0.021250032,0.022197118,8.316492,0.081652164
2021-03-05,0.29417172,19.374306,281.69223,18.52396,-0.006414681,0.021250032,0.022197118,8.316492,0.081652164
2021-03-06,0.29450092,19.374306,281.69223,18.535034,-0.006414681,0.021250032,0.022197118,8.316492,0.081652164
2021-03-07,0.2934222,19.374306,281.69223,18.540468,-0.006414681,0.021250032,0.022197118,8.316492,0.081652164
2021-03-08,0.29282954,19.374306,281.69223,18.534946,-0.006414681,0.021250032,0.022197118,8.316492,0.081652164
2021-03-09,0.29324234,19.374306,281.69223,18.533554,-0.006414681,0.021250032,0.022197118,8.316492,0.081652164
2021-03-10,0.2919998,19.374306,281.69223,18.535107,-0.006414681,0.021250032,0.022197118,8.316492,0.081652164
2021-03-11,0.29089764,19.374306,281.69223,18.53994,-0.006414681,0.021250032,0.022197118,8.316492,0.081652164
2021-03-12,0.28679493,19.374306,281.69223,18.546612,-0.006414681,0.021250032,0.022197118,8.316492,0.081652164
2021-03-13,0.2852606,19.374306,281.69223,18.53935,-0.006414681,0.021250032,0.022197118,8.316492,0.081652164
2021-03-14,0.28532028,19.374306,281.69223,18.520144,-0.006414681,0.021250032,0.022197118,8.316492,0.081652164
2021-03-15,0.28555483,19.374306,281.69223,18.51453,-0.006414681,0.021250032,0.022197118,8.316492,0.081652164
2021-03-16,0.28878927,19.374306,281.69223,18.510612,-0.006414681,0.021250032,0.022197118,8.316492,0.081652164
2021-03-17,0.29230273,19.374306,281.69223,18.506037,-0.006414681,0.021250032,0.022197118,8.316492,0.081652164
2021-03-18,0.2959114,19.374306,281.69223,18.507244,-0.006414681,0.021250032,0.022197118,8.316492,0.081652164
2021-03-19,0.29763097,19.374306,281.69223,18.50326,-0.006414681,0.021250032,0.022197118,8.316492,0.081652164
2021-03-20,0.29984134,19.374306,281.69223,18.493984,-0.006414681,0.021250032,0.022197118,8.316492,0.081652164
2021-03-21,0.30092445,19.374306,281.69223,18.490967,-0.006414681,0.021250032,0.022197118,8.316492,0.081652164
2021-03-22,0.30461618,19.374306,281.69223,18.489798,-0.006414681,0.021250032,0.022197118,8.316492,0.081652164
2021-03-23,0.30734822,19.374306,281.69223,18.49616,-0.006414681,0.021250032,0.022197118,8.316492,0.081652164
2021-03-24,0.30921564,19.374306,281.69223,18.495815,-0.006414681,0.021250032,0.022197118,8.316492,0.081652164
2021-03-25,0.3067076,19.374306,281.69223,18.492601,-0.006414681,0.021250032,0.022197118,8.316492,0.081652164
2021-03-26,0.30674642,19.374306,281.69223,18.489233,-0.006414681,0.021250032,0.022197118,8.316492,0.081652164
2021-03-27,0.30708882,19.374306,281.69223,18.48304,-0.006414681,0.021250032,0.022197118,8.316492,0.081652164
2021-03-28,0.3068481,19.374306,281.69223,18.472496,-0.006414681,0.021250032,0.022197118,8.316492,0.081652164
2021-03-29,0.30664507,19.374306,281.69223,18.47873,-0.006414681,0.021250032,0.022197118,8.316492,0.081652164
2021-03-30,0.30865106,19.374306,281.69223,18.473888,-0.006414681,0.021250032,0.022197118,8.316492,0.081652164
2021-03-31,0.30588946,19.374306,281.69223,18.471619,-0.006414681,0.021250032,0.022197118,8.316492,0.081652164
2021-04-01,0.30529672,19.374306,281.69223,18.463985,-0.006414681,0.021250032,0.022197118,8.316492,0.081652164
2021-04-02,0.3059556,19.374306,281.69223,18.454496,-0.006414681,0.021250032,0.022197118,8.316492,0.081652164
2021-04-03,0.3093977,19.374306,281.69223,18.451483,-0.006414681,0.021250032,0.022197118,8.316492,0.081652164
2021-04-04,0.3134288,19.374306,281.69223,18.4443,-0.006414681,0.021250032,0.022197118,8.316492,0.081652164
2021-04-05,0.3177298,19.374306,281.69223,18.446285,-0.006414681,0.021250032,0.022197118,8.316492,0.081652164
2021-04-06,0.32014936,19.374306,281.69223,18.444664,-0.006414681,0.021250032,0.022197118,8.316492,0.081652164
2021-04-07,0.3217714,19.374306,281.69223,18.441727,-0.006414681,0.021250032,0.022197118,8.316492,0.081652164
2021-04-08,0.32143742,19.374306,281.69223,18.444376,-0.006414681,0.021250032,0.022197118,8.316492,0.081652164
2021-04-09,0.32132146,19.374306,281.69223,18.44336,-0.006414681,0.021250032,0.022197118,8.316492,0.081652164
2021-04-10,0.31965628,19.374306,281.69223,18.439333,-0.006414681,0.021250032,0.022197118,8.316492,0.081652164
2021-04-11,0.31930956,19.374306,281.69223,18.437645,-0.006414681,0.021250032,0.022197118,8.316492,0.081652164
2021-04-12,0.3220553,19.374306,281.69223,18.433346,-0.006414681,0.021250032,0.022197118,8.316492,0.081652164
2021-04-13,0.32140553,19.374306,281.69223,18.423803,-0.006414681,0.021250032,0.022197118,8.316492,0.081652164
2021-04-14,0.32153168,19.374306,281.69223,18.41889,-0.006414681,0.021250032,0.022197118,8.316492,0.081652164
2021-04-15,0.32078972,19.374306,281.69223,18.41978,-0.006414681,0.021250032,0.022197118,8.316492,0.081652164
2021-04-16,0.32065216,19.374306,281.69223,18.412476,-0.006414681,0.021250032,0.022197118,8.316492,0.081652164
2021-04-17,0.32171988,19.374306,281.69223,18.400038,-0.006414681,0.021250032,0.022197118,8.316492,0.081652164
2021-04-18,0.32276708,19.374306,281.69223,18.398867,-0.006414681,0.021250032,0.022197118,8.316492,0.081652164
2021-04-19,0.32440513,19.374306,281.69223,18.38764,-0.006414681,0.021250032,0.022197118,8.316492,0.081652164
2021-04-20,0.3304895,19.374306,281.69223,18.381086,-0.006414681,0.021250032,0.022197118,8.316492,0.081652164
2021-04-21,0.33067536,19.374306,281.69223,18.377966,-0.006414681,0.021250032,0.022197118,8.316492,0.081652164
2021-04-22,0.33105022,19.374306,281.69223,18.367561,-0.006414681,0.021250032,0.022197118,8.316492,0.081652164
2021-04-23,0.3320795,19.374306,281.69223,18.362103,-0.006414681,0.021250032,0.022197118,8.316492,0.081652164
2021-04-24,0.33183986,19.374306,281.69223,18.363361,-0.006414681,0.021250032,0.022197118,8.316492,0.081652164
2021-04-25,0.33185026,19.374306,281.69223,18.355227,-0.006414681,0.021250032,0.022197118,8.316492,0.081652164
2021-04-26,0.33255506,19.374306,281.69223,18.352203,-0.006414681,0.021250032,0.022197118,8.316492,0.081652164
2021-04-27,0.3331875,19.374306,281.69223,18.352932,-0.006414681,0.021250032,0.022197118,8.316492,0.081652164
2021-04-28,0.33306128,19.374306,281.69223,18.358673,-0.006414681,0.021250032,0.022197118,8.316492,0.081652164
2021-04-29,0.33204594,19.374306,281.69223,18.353302,-0.006414681,0.021250032,0.022197118,8.316492,0.081652164
2021-04-30,0.33227617,19.374306,281.69223,18.346548,-0.006414681,0.021250032,0.022197118,8.316492,0.081652164
2021-05-01,0.3325791,19.374306,281.69223,18.344028,-0.006414681,0.021250032,0.022197118,8.316492,0.081652164
2021-05-02,0.33333695,19.374306,281.69223,18.342676,-0.006414681,0.021250032,0.022197118,8.316492,0.081652164
2021-05-03,0.3338727,19.374306,281.69223,18.344986,-0.006414681,0.021250032,0.022197118,8.316492,0.081652164
2021-05-04,0.3338167,19.374306,281.69223,18.354555,-0.006414681,0.021250032,0.022197118,8.316492,0.081652164
2021-05-05,0.3337762,19.374306,281.69223,18.360641,-0.006414681,0.021250032,0.022197118,8.316492,0.081652164
2021-05-06,0.3339665,19.374306,281.69223,18.35468,-0.006414681,0.021250032,0.022197118,8.316492,0.081652164
2021-05-07,0.33508033,19.374306,281.69223,18.345768,-0.006414681,0.021250032,0.022197118,8.316492,0.081652164
2021-05-08,0.33614945,19.374306,281.69223,18.353537,-0.006414681,0.021250032,0.022197118,8.316492,0.081652164
2021-05-09,0.3400099,19.374306,281.69223,18.354612,-0.006414681,0.021250032,0.022197118,8.316492,0.081652164
2021-05-10,0.33985952,19.374306,281.69223,18.35171,-0.006414681,0.021250032,0.022197118,8.316492,0.081652164
2021-05-11,0.3390659,19.374306,281.69223,18.352901,-0.006414681,0.021250032,0.022197118,8.316492,0.081652164
2021-05-12,0.33929643,19.374306,281.69223,18.352453,-0.006414681,0.021250032,0.022197118,8.316492,0.081652164
2021-05-13,0.33954263,19.374306,281.69223,18.33923,-0.006414681,0.021250032,0.022197118,8.316492,0.081652164
2021-05-14,0.3404531,19.374306,281.69223,18.331953,-0.006414681,0.021250032,0.022197118,8.316492,0.081652164
2021-05-15,0.34159622,19.374306,281.69223,18.319656,-0.006414681,0.021250032,0.022197118,8.316492,0.081652164
2021-05-16,0.34354725,19.374306,281.69223,18.314957,-0.006414681,0.021250032,0.022197118,8.316492,0.081652164
2021-05-17,0.34661472,19.374306,281.69223,18.312637,-0.006414681,0.021250032,0.022197118,8.316492,0.081652164
2021-05-18,0.34881866,19.374306,281.69223,18.312696,-0.006414681,0.021250032,0.022197118,8.316492,0.081652164
2021-05-19,0.35275507,19.374306,281.69223,18.324965,-0.006414681,0.021250032,0.022197118,8.316492,0.081652164
2021-05-20,0.35511965,19.374306,281.69223,18.324392,-0.006414681,0.021250032,0.022197118,8.316492,0.081652164
2021-05-21,0.3559689,19.374306,281.69223,18.332043,-0.006414681,0.021250032,0.022197118,8.316492,0.081652164
2021-05-22,0.35769093,19.374306,281.69223,18.32973,-0.006414681,0.021250032,0.022197118,8.316492,0.081652164
2021-05-23,0.36188138,19.374306,281.69223,18.316965,-0.006414681,0.021250032,0.022197118,8.316492,0.081652164
2021-05-24,0.36489436,19.374306,281.69223,18.318457,-0.006414681,0.021250032,0.022197118,8.316492,0.081652164
2021-05-25,0.3652633,19.374306,281.69223,18.326956,-0.006414681,0.021250032,0.022197118,8.316492,0.081652164
2021-05-26,0.3660633,19.374306,281.69223,18.322165,-0.006414681,0.021250032,0.022197118,8.316492,0.081652164
2021-05-27,0.36624324,19.374306,281.69223,18.324076,-0.006414681,0.021250032,0.022197118,8.316492,0.081652164
2021-05-28,0.3668846,19.374306,281.69223,18.32216,-0.006414681,0.021250032,0.022197118,8.316492,0.081652164
2021-05-29,0.36923066,19.374306,281.69223,18.317068,-0.006414681,0.021250032,0.022197118,8.316492,0.081652164
2021-05-30,0.37241334,19.374306,281.69223,18.31253,-0.006414681,0.021250032,0.022197118,8.316492,0.081652164
2021-05-31,0.37415165,19.374306,281.69223,18.30324,-0.006414681,0.021250032,0.022197118,8.316492,0.081652164
2021-06-01,0.3781088,19.374306,281.69223,18.300255,-0.006414681,0.021250032,0.022197118,8.316492,0.081652164
2021-06-02,0.38179803,19.374306,281.69223,18.29461,-0.006414681,0.021250032,0.022197118,8.316492,0.081652164
2021-06-03,0.38403407,19.374306,281.69223,18.29869,-0.006414681,0.021250032,0.022197118,8.316492,0.081652164
2021-06-04,0.38658443,19.374306,281.69223,18.315409,-0.006414681,0.021250032,0.022197118,8.316492,0.081652164
2021-06-05,0.38780323,19.374306,281.69223,18.31252,-0.006414681,0.021250032,0.022197118,8.316492,0.081652164
2021-06-06,0.38975242,19.374306,281.69223,18.302336,-0.006414681,0.021250032,0.022197118,8.316492,0.081652164
2021-06-07,0.3919751,19.374306,281.69223,18.297028,-0.006414681,0.021250032,0.022197118,8.316492,0.081652164
2021-06-08,0.3936385,19.374306,281.69223,18.281607,-0.006414681,0.021250032,0.022197118,8.316492,0.081652164
2021-06-09,0.39538267,19.374306,281.69223,18.277493,-0.006414681,0.021250032,0.022197118,8.316492,0.081652164
2021-06-10,0.39630052,19.374306,281.69223,18.27429,-0.006414681,0.021250032,0.022197118,8.316492,0.081652164
2021-06-11,0.3967535,19.374306,281.69223,18.271421,-0.006414681,0.021250032,0.022197118,8.316492,0.081652164
2021-06-12,0.39713195,19.374306,281.69223,18.265223,-0.006414681,0.021250032,0.022197118,8.316492,0.081652164
2021-06-13,0.3974647,19.374306,281.69223,18.259203,-0.006414681,0.021250032,0.022197118,8.316492,0.081652164
2021-06-14,0.39859647,19.374306,281.69223,18.268764,-0.006414681,0.021250032,0.022197118,8.316492,0.081652164
2021-06-15,0.40267527,19.374306,281.69223,18.261395,-0.006414681,0.021250032,0.022197118,8.316492,0.081652164
2021-06-16,0.40595022,19.374306,281.69223,18.256603,-0.006414681,0.021250032,0.022197118,8.316492,0.081652164
2021-06-17,0.4125763,19.374306,281.69223,18.249437,-0.006414681,0.021250032,0.022197118,8.316492,0.081652164
2021-06-18,0.41867024,19.374306,281.69223,18.237219,-0.006414681,0.021250032,0.022197118,8.316492,0.081652164
2021-06-19,0.4203884,19.374306,281.69223,18.22982,-0.006414681,0.021250032,0.022197118,8.316492,0.081652164
2021-06-20,0.41946316,19.374306,281.69223,18.230877,-0.006414681,0.021250032,0.022197118,8.316492,0.081652164
2021-06-21,0.42055523,19.374306,281.69223,18.222914,-0.006414681,0.021250032,0.022197118,8.316492,0.081652164
2021-06-22,0.42260593,19.374306,281.69223,18.208523,-0.006414681,0.021250032,0.022197118,8.316492,0.081652164
2021-06-23,0.42424047,19.374306,281.69223,18.198256,-0.006414681,0.021250032,0.022197118,8.316492,0.081652164
2021-06-24,0.42647702,19.374306,281.69223,18.188627,-0.006414681,0.021250032,0.022197118,8.316492,0.081652164
2021-06-25,0.43024194,19.374306,281.69223,18.180119,-0.006414681,0.021250032,0.022197118,8.316492,0.081652164
2021-06-26,0.43157068,19.374306,281.69223,18.178974,-0.006414681,0.021250032,0.022197118,8.316492,0.081652164
2021-06-27,0.43196118,19.374306,281.69223,18.188684,-0.006414681,0.021250032,0.022197118,8.316492,0.081652164
2021-06-28,0.43181834,19.374306,281.69223,18.185717,-0.006414681,0.021250032,0.022197118,8.316492,0.081652164
2021-06-29,0.4320789,19.374306,281.69223,18.180784,-0.006414681,0.021250032,0.022197118,8.316492,0.081652164
2021-06-30,0.43262374,19.374306,281.69223,18.173798,-0.006414681,0.021250032,0.022197118,8.316492,0.081652164
2021-07-01,0.43241793,19.374306,281.69223,18.177977,-0.006414681,0.021250032,0.022197118,8.316492,0.081652164
2021-07-02,0.43152967,19.374306,281.69223,18.169592,-0.006414681,0.021250032,0.022197118,8.316492,0.081652164
2021-07-03,0.43092933,19.374306,281.69223,18.174126,-0.006414681,0.021250032,0.022197118,8.316492,0.081652164
2021-07-04,0.43774796,19.374306,281.69223,18.155636,-0.006414681,0.021250032,0.022197118,8.316492,0.081652164
2021-07-05,0.4488,19.374306,281.69223,18.147764,-0.006414681,0.021250032,0.022197118,8.316492,0.081652164
2021-07-06,0.45337176,19.374306,281.69223,18.146984,-0.006414681,0.021250032,0.022197118,8.316492,0.081652164
2021-07-07,0.45388782,19.374306,281.69223,18.15505,-0.006414681,0.021250032,0.022197118,8.316492,0.081652164
2021-07-08,0.45420974,19.374306,281.69223,18.165695,-0.006414681,0.021250032,0.022197118,8.316492,0.081652164
2021-07-09,0.45255184,19.374306,281.69223,18.180988,-0.006414681,0.021250032,0.022197118,8.316492,0.081652164
2021-07-10,0.45110613,19.374306,281.69223,18.190493,-0.006414681,0.021250032,0.022197118,8.316492,0.081652164
2021-07-11,0.44986483,19.374306,281.69223,18.196692,-0.006414681,0.021250032,0.022197118,8.316492,0.081652164
2021-07-12,0.44857088,19.374306,281.69223,18.193441,-0.006414681,0.021250032,0.022197118,8.316492,0.081652164
2021-07-13,0.4474564,19.374306,281.69223,18.194618,-0.006414681,0.021250032,0.022197118,8.316492,0.081652164
2021-07-14,0.44577426,19.374306,281.69223,18.202135,-0.006414681,0.021250032,0.022197118,8.316492,0.081652164
2021-07-15,0.44479603,19.374306,281.69223,18.20451,-0.006414681,0.021250032,0.022197118,8.316492,0.081652164
2021-07-16,0.4430934,19.374306,281.69223,18.214384,-0.006414681,0.021250032,0.022197118,8.316492,0.081652164
2021-07-17,0.44157302,19.374306,281.69223,18.219826,-0.006414681,0.021250032,0.022197118,8.316492,0.081652164
2021-07-18,0.4401364,19.374306,281.69223,18.220947,-0.006414681,0.021250032,0.022197118,8.316492,0.081652164
2021-07-19,0.43874466,19.374306,281.69223,18.221191,-0.006414681,0.021250032,0.022197118,8.316492,0.081652164
2021-07-20,0.4376676,19.374306,281.69223,18.22771,-0.006414681,0.021250032,0.022197118,8.316492,0.081652164
2021-07-21,0.4353193,19.374306,281.69223,18.235085,-0.006414681,0.021250032,0.022197118,8.316492,0.081652164
2021-07-22,0.4320615,19.374306,281.69223,18.241924,-0.006414681,0.021250032,0.022197118,8.316492,0.081652164
2021-07-23,0.4288474,19.374306,281.69223,18.255726,-0.006414681,0.021250032,0.022197118,8.316492,0.081652164
2021-07-24,0.42470583,19.374306,281.69223,18.257603,-0.006414681,0.021250032,0.022197118,8.316492,0.081652164
2021-07-25,0.42082474,19.374306,281.69223,18.263666,-0.006414681,0.021250032,0.022197118,8.316492,0.081652164
2021-07-26,0.41871965,19.374306,281.69223,18.261822,-0.006414681,0.021250032,0.022197118,8.316492,0.081652164
2021-07-27,0.42006466,19.374306,281.69223,18.256704,-0.006414681,0.021250032,0.022197118,8.316492,0.081652164
2021-07-28,0.41879544,19.374306,281.69223,18.250488,-0.006414681,0.021250032,0.022197118,8.316492,0.081652164
2021-07-29,0.41754815,19.374306,281.69223,18.246084,-0.006414681,0.021250032,0.022197118,8.316492,0.081652164
2021-07-30,0.41574603,19.374306,281.69223,18.250614,-0.006414681,0.021250032,0.022197118,8.316492,0.081652164
2021-07-31,0.41487622,19.374306,281.69223,18.250435,-0.006414681,0.021250032,0.022197118,8.316492,0.081652164
2021-08-01,0.41351348,19.374306,281.69223,18.241564,-0.006414681,0.021250032,0.022197118,8.316492,0.081652164
2021-08-02,0.41219127,19.374306,281.69223,18.24768,-0.006414681,0.021250032,0.022197118,8.316492,0.081652164
2021-08-03,0.41213343,19.374306,281.69223,18.23385,-0.006414681,0.021250032,0.022197118,8.316492,0.081652164
2021-08-04,0.41042954,19.374306,281.69223,18.23753,-0.006414681,0.021250032,0.022197118,8.316492,0.081652164
2021-08-05,0.40978286,19.374306,281.69223,18.229425,-0.006414681,0.021250032,0.022197118,8.316492,0.081652164
2021-08-06,0.40835488,19.374306,281.69223,18.231941,-0.006414681,0.021250032,0.022197118,8.316492,0.081652164
2021-08-07,0.40885317,19.374306,281.69223,18.232206,-0.006414681,0.021250032,0.022197118,8.316492,0.081652164
2021-08-08,0.4075766,19.374306,281.69223,18.245407,-0.006414681,0.021250032,0.022197118,8.316492,0.081652164
2021-08-09,0.40892193,19.374306,281.69223,18.24003,-0.006414681,0.021250032,0.022197118,8.316492,0.081652164
2021-08-10,0.41329235,19.374306,281.69223,18.237848,-0.006414681,0.021250032,0.022197118,8.316492,0.081652164
2021-08-11,0.41762915,19.374306,281.69223,18.232035,-0.006414681,0.021250032,0.022197118,8.316492,0.081652164
2021-08-12,0.4204354,19.374306,281.69223,18.234926,-0.006414681,0.021250032,0.022197118,8.316492,0.081652164
2021-08-13,0.4213374,19.374306,281.69223,18.252405,-0.006414681,0.021250032,0.022197118,8.316492,0.081652164
2021-08-14,0.41800582,19.374306,281.69223,18.257362,-0.006414681,0.021250032,0.022197118,8.316492,0.081652164
2021-08-15,0.41325203,19.374306,281.69223,18.258404,-0.006414681,0.021250032,0.022197118,8.316492,0.081652164
2021-08-16,0.41137108,19.374306,281.69223,18.256893,-0.006414681,0.021250032,0.022197118,8.316492,0.081652164
2021-08-17,0.40792775,19.374306,281.69223,18.253353,-0.006414681,0.021250032,0.022197118,8.316492,0.081652164
2021-08-18,0.4061371,19.374306,281.69223,18.24934,-0.006414681,0.021250032,0.022197118,8.316492,0.081652164
2021-08-19,0.40400878,19.374306,281.69223,18.264185,-0.006414681,0.021250032,0.022197118,8.316492,0.081652164
2021-08-20,0.39960387,19.374306,281.69223,18.276653,-0.006414681,0.021250032,0.022197118,8.316492,0.081652164
2021-08-21,0.39487046,19.374306,281.69223,18.286583,-0.006414681,0.021250032,0.022197118,8.316492,0.081652164
2021-08-22,0.39113432,19.374306,281.69223,18.288704,-0.006414681,0.021250032,0.022197118,8.316492,0.081652164
2021-08-23,0.3881786,19.374306,281.69223,18.284847,-0.006414681,0.021250032,0.022197118,8.316492,0.081652164
2021-08-24,0.38519242,19.374306,281.69223,18.284475,-0.006414681,0.021250032,0.022197118,8.316492,0.081652164
2021-08-25,0.38160026,19.374306,281.69223,18.299866,-0.006414681,0.021250032,0.022197118,8.316492,0.081652164
2021-08-26,0.38067153,19.374306,281.69223,18.294296,-0.006414681,0.021250032,0.022197118,8.316492,0.081652164
2021-08-27,0.37915295,19.374306,281.69223,18.288437,-0.006414681,0.021250032,0.022197118,8.316492,0.081652164
2021-08-28,0.378298,19.374306,281.69223,18.286146,-0.006414681,0.021250032,0.022197118,8.316492,0.081652164
2021-08-29,0.37908742,19.374306,281.69223,18.285646,-0.006414681,0.021250032,0.022197118,8.316492,0.081652164
2021-08-30,0.37743932,19.374306,281.69223,18.287159,-0.006414681,0.021250032,0.022197118,8.316492,0.081652164
2021-08-31,0.37435058,19.374306,281.69223,18.305489,-0.006414681,0.021250032,0.022197118,8.316492,0.081652164
2021-09-01,0.3719126,19.374306,281.69223,18.308006,-0.006414681,0.021250032,0.022197118,8.316492,0.081652164
2021-09-02,0.3710689,19.374306,281.69223,18.321327,-0.006414681,0.021250032,0.022197118,8.316492,0.081652164
2021-09-03,0.36731708,19.374306,281.69223,18.33509,-0.006414681,0.021250032,0.022197118,8.316492,0.081652164
2021-09-04,0.36370748,19.374306,281.69223,18.332825,-0.006414681,0.021250032,0.022197118,8.316492,0.081652164
2021-09-05,0.36031502,19.374306,281.69223,18.336262,-0.006414681,0.021250032,0.022197118,8.316492,0.081652164
2021-09-06,0.35173643,19.374306,281.69223,18.349955,-0.006414681,0.021250032,0.022197118,8.316492,0.081652164
2021-09-07,0.34229589,19.374306,281.69223,18.36041,-0.006414681,0.021250032,0.022197118,8.316492,0.081652164
2021-09-08,0.3358055,19.374306,281.69223,18.3829,-0.006414681,0.021250032,0.022197118,8.316492,0.081652164
2021-09-09,0.33048555,19.374306,281.69223,18.390251,-0.006414681,0.021250032,0.022197118,8.316492,0.081652164
2021-09-10,0.3267724,19.374306,281.69223,18.39598,-0.006414681,0.021250032,0.022197118,8.316492,0.081652164
2021-09-11,0.32444295,19.374306,281.69223,18.393524,-0.006414681,0.021250032,0.022197118,8.316492,0.081652164
2021-09-12,0.32313016,19.374306,281.69223,18.405338,-0.006414681,0.021250032,0.022197118,8.316492,0.081652164
2021-09-13,0.32237217,19.374306,281.69223,18.402428,-0.006414681,0.021250032,0.022197118,8.316492,0.081652164
2021-09-14,0.32191393,19.374306,281.69223,18.392065,-0.006414681,0.021250032,0.022197118,8.316492,0.081652164
2021-09-15,0.32165244,19.374306,281.69223,18.39065,-0.006414681,0.021250032,0.022197118,8.316492,0.081652164
2021-09-16,0.32253468,19.374306,281.69223,18.378546,-0.006414681,0.021250032,0.022197118,8.316492,0.081652164
2021-09-17,0.32410762,19.374306,281.69223,18.377916,-0.006414681,0.021250032,0.022197118,8.316492,0.081652164
2021-09-18,0.3252835,19.374306,281.69223,18.375237,-0.006414681,0.021250032,0.022197118,8.316492,0.081652164
2021-09-19,0.3280755,19.374306,281.69223,18.369894,-0.006414681,0.021250032,0.022197118,8.316492,0.081652164
2021-09-20,0.32894415,19.374306,281.69223,18.373497,-0.006414681,0.021250032,0.022197118,8.316492,0.081652164
2021-09-21,0.33143753,19.374306,281.69223,18.380163,-0.006414681,0.021250032,0.022197118,8.316492,0.081652164
2021-09-22,0.3307316,19.374306,281.69223,18.377552,-0.006414681,0.021250032,0.022197118,8.316492,0.081652164
2021-09-23,0.3317717,19.374306,281.69223,18.378244,-0.006414681,0.021250032,0.022197118,8.316492,0.081652164
2021-09-24,0.33214742,19.374306,281.69223,18.36677,-0.006414681,0.021250032,0.022197118,8.316492,0.081652164
2021-09-25,0.3336082,19.374306,281.69223,18.365332,-0.006414681,0.021250032,0.022197118,8.316492,0.081652164
2021-09-26,0.33219796,19.374306,281.69223,18.373676,-0.006414681,0.021250032,0.022197118,8.316492,0.081652164
2021-09-27,0.33182162,19.374306,281.69223,18.371119,-0.006414681,0.021250032,0.022197118,8.316492,0.081652164
2021-09-28,0.33018467,19.374306,281.69223,18.40516,-0.006414681,0.021250032,0.022197118,8.316492,0.081652164
2021-09-29,0.3262797,19.374306,281.69223,18.412956,-0.006414681,0.021250032,0.022197118,8.316492,0.081652164
2021-09-30,0.32397404,19.374306,281.69223,18.430857,-0.006414681,0.021250032,0.022197118,8.316492,0.081652164
2021-10-01,0.32074106,19.374306,281.69223,18.438301,-0.006414681,0.021250032,0.022197118,8.316492,0.081652164
2021-10-02,0.3166704,19.374306,281.69223,18.429892,-0.006414681,0.021250032,0.022197118,8.316492,0.081652164
2021-10-03,0.3139077,19.374306,281.69223,18.424458,-0.006414681,0.021250032,0.022197118,8.316492,0.081652164
2021-10-04,0.31141254,19.374306,281.69223,18.41874,-0.006414681,0.021250032,0.022197118,8.316492,0.081652164
2021-10-05,0.30988112,19.374306,281.69223,18.421879,-0.006414681,0.021250032,0.022197118,8.316492,0.081652164
2021-10-06,0.30716422,19.374306,281.69223,18.425869,-0.006414681,0.021250032,0.022197118,8.316492,0.081652164
2021-10-07,0.30223387,19.374306,281.69223,18.431229,-0.006414681,0.021250032,0.022197118,8.316492,0.081652164
2021-10-08,0.29461825,19.374306,281.69223,18.43127,-0.006414681,0.021250032,0.022197118,8.316492,0.081652164
2021-10-09,0.28972962,19.374306,281.69223,18.430862,-0.006414681,0.021250032,0.022197118,8.316492,0.081652164
2021-10-10,0.28528893,19.374306,281.69223,18.431875,-0.006414681,0.021250032,0.022197118,8.316492,0.081652164
2021-10-11,0.2818269,19.374306,281.69223,18.426723,-0.006414681,0.021250032,0.022197118,8.316492,0.081652164
2021-10-12,0.2809366,19.374306,281.69223,18.422869,-0.006414681,0.021250032,0.022197118,8.316492,0.081652164
2021-10-13,0.2861085,19.374306,281.69223,18.425667,-0.006414681,0.021250032,0.022197118,8.316492,0.081652164
2021-10-14,0.28204653,19.374306,281.69223,18.439785,-0.006414681,0.021250032,0.022197118,8.316492,0.081652164
2021-10-15,0.27956003,19.374306,281.69223,18.439003,-0.006414681,0.021250032,0.022197118,8.316492,0.081652164
2021-10-16,0.277994,19.374306,281.69223,18.436604,-0.006414681,0.021250032,0.022197118,8.316492,0.081652164
2021-10-17,0.27754715,19.374306,281.69223,18.4359,-0.006414681,0.021250032,0.022197118,8.316492,0.081652164
2021-10-18,0.27567765,19.374306,281.69223,18.438662,-0.006414681,0.021250032,0.022197118,8.316492,0.081652164
2021-10-19,0.2739076,19.374306,281.69223,18.439133,-0.006414681,0.021250032,0.022197118,8.316492,0.081652164
2021-10-20,0.27121177,19.374306,281.69223,18.426779,-0.006414681,0.021250032,0.022197118,8.316492,0.081652164
2021-10-21,0.26902708,19.374306,281.69223,18.424606,-0.006414681,0.021250032,0.022197118,8.316492,0.081652164
2021-10-22,0.26876143,19.374306,281.69223,18.42469,-0.006414681,0.021250032,0.022197118,8.316492,0.081652164
2021-10-23,0.26940572,19.374306,281.69223,18.41803,-0.006414681,0.021250032,0.022197118,8.316492,0.081652164
2021-10-24,0.27186388,19.374306,281.69223,18.43395,-0.006414681,0.021250032,0.022197118,8.316492,0.081652164
2021-10-25,0.26958555,19.374306,281.69223,18.440388,-0.006414681,0.021250032,0.022197118,8.316492,0.081652164
2021-10-26,0.26530913,19.374306,281.69223,18.443892,-0.006414681,0.021250032,0.022197118,8.316492,0.081652164
2021-10-27,0.26277784,19.374306,281.69223,18.43879,-0.006414681,0.021250032,0.022197118,8.316492,0.081652164
2021-10-28,0.2612782,19.374306,281.69223,18.427387,-0.006414681,0.021250032,0.022197118,8.316492,0.081652164
2021-10-29,0.25936317,19.374306,281.69223,18.426325,-0.006414681,0.021250032,0.022197118,8.316492,0.081652164
2021-10-30,0.25798845,19.374306,281.69223,18.430748,-0.006414681,0.021250032,0.022197118,8.316492,0.081652164
2021-10-31,0.25707477,19.374306,281.69223,18.429111,-0.006414681,0.021250032,0.022197118,8.316492,0.081652164
2021-11-01,0.25821784,19.374306,281.69223,18.433708,-0.006414681,0.021250032,0.022197118,8.316492,0.081652164
2021-11-02,0.2608818,19.374306,281.69223,18.428694,-0.006414681,0.021250032,0.022197118,8.316492,0.081652164
2021-11-03,0.26480675,19.374306,281.69223,18.427128,-0.006414681,0.021250032,0.022197118,8.316492,0.081652164
2021-11-04,0.26733306,19.374306,281.69223,18.42377,-0.006414681,0.021250032,0.022197118,8.316492,0.081652164
2021-11-05,0.26810992,19.374306,281.69223,18.42099,-0.006414681,0.021250032,0.022197118,8.316492,0.081652164
2021-11-06,0.27041212,19.374306,281.69223,18.419325,-0.006414681,0.021250032,0.022197118,8.316492,0.081652164
2021-11-07,0.26999956,19.374306,281.69223,18.42948,-0.006414681,0.021250032,0.022197118,8.316492,0.081652164
2021-11-08,0.2709976,19.374306,281.69223,18.424873,-0.006414681,0.021250032,0.022197118,8.316492,0.081652164
2021-11-09,0.27455056,19.374306,281.69223,18.42977,-0.006414681,0.021250032,0.022197118,8.316492,0.081652164
2021-11-10,0.2761909,19.374306,281.69223,18.446087,-0.006414681,0.021250032,0.022197118,8.316492,0.081652164
2021-11-11,0.272653,19.374306,281.69223,18.4598,-0.006414681,0.021250032,0.022197118,8.316492,0.081652164
2021-11-12,0.27143785,19.374306,281.69223,18.456,-0.006414681,0.021250032,0.022197118,8.316492,0.081652164
2021-11-13,0.27153677,19.374306,281.69223,18.442747,-0.006414681,0.021250032,0.022197118,8.316492,0.081652164
2021-11-14,0.2719293,19.374306,281.69223,18.44057,-0.006414681,0.021250032,0.022197118,8.316492,0.081652164
2021-11-15,0.27220666,19.374306,281.69223,18.43887,-0.006414681,0.021250032,0.022197118,8.316492,0.081652164
2021-11-16,0.26868078,19.374306,281.69223,18.452703,-0.006414681,0.021250032,0.022197118,8.316492,0.081652164
2021-11-17,0.26529557,19.374306,281.69223,18.46121,-0.006414681,0.021250032,0.022197118,8.316492,0.081652164
2021-11-18,0.26518977,19.374306,281.69223,18.456877,-0.006414681,0.021250032,0.022197118,8.316492,0.081652164
2021-11-19,0.26504079,19.374306,281.69223,18.461046,-0.006414681,0.021250032,0.022197118,8.316492,0.081652164
2021-11-20,0.2663074,19.374306,281.69223,18.456272,-0.006414681,0.021250032,0.022197118,8.316492,0.081652164
2021-11-21,0.26868322,19.374306,281.69223,18.462301,-0.006414681,0.021250032,0.022197118,8.316492,0.081652164
2021-11-22,0.271035,19.374306,281.69223,18.456827,-0.006414681,0.021250032,0.022197118,8.316492,0.081652164
2021-11-23,0.2754385,19.374306,281.69223,18.453957,-0.006414681,0.021250032,0.022197118,8.316492,0.081652164
2021-11-24,0.27966505,19.374306,281.69223,18.46246,-0.006414681,0.021250032,0.022197118,8.316492,0.081652164
2021-11-25,0.27939394,19.374306,281.69223,18.456568,-0.006414681,0.021250032,0.022197118,8.316492,0.081652164
2021-11-26,0.28082442,19.374306,281.69223,18.452768,-0.006414681,0.021250032,0.022197118,8.316492,0.081652164
2021-11-27,0.28557736,19.374306,281.69223,18.45344,-0.006414681,0.021250032,0.022197118,8.316492,0.081652164
2021-11-28,0.29114848,19.374306,281.69223,18.444935,-0.006414681,0.021250032,0.022197118,8.316492,0.081652164
2021-11-29,0.2984385,19.374306,281.69223,18.454872,-0.006414681,0.021250032,0.022197118,8.316492,0.081652164
2021-11-30,0.31026053,19.374306,281.69223,18.46187,-0.006414681,0.021250032,0.022197118,8.316492,0.081652164
2021-12-01,0.31612226,19.374306,281.69223,18.475554,-0.006414681,0.021250032,0.022197118,8.316492,0.081652164
2021-12-02,0.31836143,19.374306,281.69223,18.47671,-0.006414681,0.021250032,0.022197118,8.316492,0.081652164
2021-12-03,0.3227771,19.374306,281.69223,18.466028,-0.006414681,0.021250032,0.022197118,8.316492,0.081652164
2021-12-04,0.33030072,19.374306,281.69223,18.459417,-0.006414681,0.021250032,0.022197118,8.316492,0.081652164
2021-12-05,0.33477557,19.374306,281.69223,18.45549,-0.006414681,0.021250032,0.022197118,8.316492,0.081652164
2021-12-06,0.33765227,19.374306,281.69223,18.452772,-0.006414681,0.021250032,0.022197118,8.316492,0.081652164
2021-12-07,0.34232053,19.374306,281.69223,18.449121,-0.006414681,0.021250032,0.022197118,8.316492,0.081652164
2021-12-08,0.3472246,19.374306,281.69223,18.443892,-0.006414681,0.021250032,0.022197118,8.316492,0.081652164
2021-12-09,0.34880057,19.374306,281.69223,18.445974,-0.006414681,0.021250032,0.022197118,8.316492,0.081652164
2021-12-10,0.35176075,19.374306,281.69223,18.4466,-0.006414681,0.021250032,0.022197118,8.316492,0.081652164
2021-12-11,0.3549209,19.374306,281.69223,18.452806,-0.006414681,0.021250032,0.022197118,8.316492,0.081652164
2021-12-12,0.3576513,19.374306,281.69223,18.453676,-0.006414681,0.021250032,0.022197118,8.316492,0.081652164
2021-12-13,0.3607063,19.374306,281.69223,18.44415,-0.006414681,0.021250032,0.022197118,8.316492,0.081652164
2021-12-14,0.3618252,19.374306,281.69223,18.44487,-0.006414681,0.021250032,0.022197118,8.316492,0.081652164
2021-12-15,0.36355433,19.374306,281.69223,18.439276,-0.006414681,0.021250032,0.022197118,8.316492,0.081652164
2021-12-16,0.36627474,19.374306,281.69223,18.442125,-0.006414681,0.021250032,0.022197118,8.316492,0.081652164
2021-12-17,0.36771512,19.374306,281.69223,18.439795,-0.006414681,0.021250032,0.022197118,8.316492,0.081652164
2021-12-18,0.3685179,19.374306,281.69223,18.441654,-0.006414681,0.021250032,0.022197118,8.316492,0.081652164
2021-12-19,0.3662733,19.374306,281.69223,18.442974,-0.006414681,0.021250032,0.022197118,8.316492,0.081652164
2021-12-20,0.36698627,19.374306,281.69223,18.442726,-0.006414681,0.021250032,0.022197118,8.316492,0.081652164
2021-12-21,0.37214005,19.374306,281.69223,18.445093,-0.006414681,0.021250032,0.022197118,8.316492,0.081652164
2021-12-22,0.3722891,19.374306,281.69223,18.449669,-0.006414681,0.021250032,0.022197118,8.316492,0.081652164
2021-12-23,0.37208802,19.374306,281.69223,18.4469,-0.006414681,0.021250032,0.022197118,8.316492,0.081652164
2021-12-24,0.37153998,19.374306,281.69223,18.447405,-0.006414681,0.021250032,0.022197118,8.316492,0.081652164
2021-12-25,0.37244108,19.374306,281.69223,18.457333,-0.006414681,0.021250032,0.022197118,8.316492,0.081652164
2021-12-26,0.37535337,19.374306,281.69223,18.455765,-0.006414681,0.021250032,0.022197118,8.316492,0.081652164
2021-12-27,0.37973127,19.374306,281.69223,18.454084,-0.006414681,0.021250032,0.022197118,8.316492,0.081652164
2021-12-28,0.3832255,19.374306,281.69223,18.449331,-0.006414681,0.021250032,0.022197118,8.316492,0.081652164
2021-12-29,0.38569218,19.374306,281.69223,18.450415,-0.006414681,0.021250032,0.022197118,8.316492,0.081652164
2021-12-30,0.38536036,19.374306,281.69223,18.449701,-0.006414681,0.021250032,0.022197118,8.316492,0.081652164
2021-12-31,0.38329613,19.374306,281.69223,18.44824,-0.006414681,0.021250032,0.022197118,8.316492,0.081652164
2022-01-01,0.38511455,19.374306,281.69223,18.440245,-0.006414681,0.021250032,0.022197118,8.316492,0.081652164
2022-01-02,0.39154458,19.374306,281.69223,18.435007,-0.006414681,0.021250032,0.022197118,8.316336,0.081652164
2022-01-03,0.3905547,19.374306,281.69223,18.437271,-0.006414681,0.021250032,0.022197118,8.315991,0.081652164
2022-01-04,0.39229915,19.374306,281.69223,18.433685,-0.006414681,0.021250032,0.022197118,8.314793,0.081652164
2022-01-05,0.39415672,19.374306,281.69223,18.431412,-0.006414681,0.021250032,0.022197118,8.314948,0.081652164
2022-01-06,0.39464882,19.374306,281.69223,18.42436,-0.006414681,0.021250032,0.022197118,8.313359,0.081652164
2022-01-07,0.39521587,19.374306,281.69223,18.422598,-0.006414681,0.021250032,0.022197118,8.314301,0.081652164
2022-01-08,0.39388064,19.374306,281.69223,18.4251,-0.006414681,0.021250032,0.022197118,8.315558,0.081652164
2022-01-09,0.3934006,19.374306,281.69223,18.42258,-0.006414681,0.021250032,0.022197118,8.314638,0.081652164
2022-01-10,0.39156446,19.374306,281.69223,18.427998,-0.006414681,0.021250032,0.022197118,8.31501,0.081652164
2022-01-11,0.38829067,19.374306,281.69223,18.433176,-0.006414681,0.021250032,0.022197118,8.31669,0.081652164
2022-01-12,0.38136905,19.374306,281.69223,18.45363,-0.006414681,0.021250032,0.022197118,8.31437,0.081652164
2022-01-13,0.37601137,19.374306,281.69223,18.457514,-0.006414681,0.021250032,0.022197118,8.313986,0.081652164
2022-01-14,0.3709187,19.374306,281.69223,18.46703,-0.006414681,0.021250032,0.022197118,8.314626,0.081652164
2022-01-15,0.36939448,19.374306,281.69223,18.479473,-0.006414681,0.021250032,0.022197118,8.309147,0.081652164
2022-01-16,0.36883873,19.374306,281.69223,18.480276,-0.006414681,0.021250032,0.022197118,8.308423,0.081652164
2022-01-17,0.36682037,19.374306,281.69223,18.475668,-0.006414681,0.021250032,0.022197118,8.309369,0.081652164
2022-01-18,0.36659038,19.374306,281.69223,18.488695,-0.006414681,0.021250032,0.022197118,8.306755,0.081652164
2022-01-19,0.36547744,19.374306,281.69223,18.494001,-0.006414681,0.021250032,0.022197118,8.305984,0.081652164
2022-01-20,0.36377844,19.374306,281.69223,18.491144,-0.006414681,0.021250032,0.022197118,8.307127,0.081652164
2022-01-21,0.3642661,19.374306,281.69223,18.488523,-0.006414681,0.021250032,0.022197118,8.306757,0.081652164
2022-01-22,0.36751312,19.374306,281.69223,18.489027,-0.006414681,0.021250032,0.022197118,8.307737,0.081652164
2022-01-23,0.36971974,19.374306,281.69223,18.48816,-0.006414681,0.021250032,0.022197118,8.309241,0.081652164
2022-01-24,0.3686857,19.374306,281.69223,18.504604,-0.006414681,0.021250032,0.022197118,8.31065,0.081652164
2022-01-25,0.3643326,19.374306,281.69223,18.499132,-0.006414681,0.021250032,0.022197118,8.312505,0.081652164
2022-01-26,0.3613586,19.374306,281.69223,18.492537,-0.006414681,0.021250032,0.022197118,8.313786,0.081652164
2022-01-27,0.35997617,19.374306,281.69223,18.49068,-0.006414681,0.021250032,0.022197118,8.314532,0.081652164
2022-01-28,0.35843414,19.374306,281.69223,18.484089,-0.006414681,0.021250032,0.022197118,8.314426,0.081652164
2022-01-29,0.3563048,19.374306,281.69223,18.484455,-0.006414681,0.021250032,0.022197118,8.314463,0.081652164
2022-01-30,0.35593763,19.374306,281.69223,18.477194,-0.006414681,0.021250032,0.022197118,8.3159075,0.081652164
2022-01-31,0.35596806,19.374306,281.69223,18.473036,-0.006414681,0.021250032,0.022197118,8.314631,0.081652164
2022-02-01,0.35644156,19.374306,281.69223,18.469612,-0.006414681,0.021250032,0.022197118,8.313885,0.081652164
2022-02-02,0.3587861,19.374306,281.69223,18.462132,-0.006414681,0.021250032,0.022197118,8.313022,0.081652164
2022-02-03,0.36017993,19.374306,281.69223,18.466967,-0.006414681,0.021250032,0.022197118,8.313794,0.081652164
2022-02-04,0.35904852,19.374306,281.69223,18.475567,-0.006414681,0.021250032,0.022197118,8.315005,0.081652164
2022-02-05,0.35689634,19.374306,281.69223,18.480669,-0.006414681,0.021250032,0.022197118,8.312695,0.081652164
2022-02-06,0.3552654,19.374306,281.69223,18.482658,-0.006414681,0.021250032,0.022197118,8.3150015,0.081652164
2022-02-07,0.35280427,19.374306,281.69223,18.489946,-0.006414681,0.021250032,0.022197118,8.315548,0.081652164
2022-02-08,0.35429186,19.374306,281.69223,18.492624,-0.006414681,0.021250032,0.022197118,8.316127,0.081652164
2022-02-09,0.3529694,19.374306,281.69223,18.503212,-0.006414681,0.021250032,0.022197118,8.315269,0.081652164
2022-02-10,0.3508064,19.374306,281.69223,18.497416,-0.006414681,0.021250032,0.022197118,8.314405,0.081652164
2022-02-11,0.34834146,19.374306,281.69223,18.498873,-0.006414681,0.021250032,0.022197118,8.315312,0.081652164
2022-02-12,0.34618765,19.374306,281.69223,18.496262,-0.006414681,0.021250032,0.022197118,8.31569,0.081652164
2022-02-13,0.34174716,19.374306,281.69223,18.511873,-0.006414681,0.021250032,0.022197118,8.316441,0.081652164
2022-02-14,0.33749455,19.374306,281.69223,18.50774,-0.006414681,0.021250032,0.022197118,8.316228,0.081652164
2022-02-15,0.33461505,19.374306,281.69223,18.505209,-0.006414681,0.021250032,0.022197118,8.316188,0.081652164
2022-02-16,0.33275437,19.374306,281.69223,18.496479,-0.006414681,0.021250032,0.022197118,8.31878,0.081652164
2022-02-17,0.33239314,19.374306,281.69223,18.491253,-0.006414681,0.021250032,0.022197118,8.320867,0.081652164
2022-02-18,0.33222708,19.374306,281.69223,18.492638,-0.006414681,0.021250032,0.022197118,8.320093,0.081652164
2022-02-19,0.33217877,19.374306,281.69223,18.494947,-0.006414681,0.021250032,0.022197118,8.319955,0.081652164
2022-02-20,0.33132017,19.374306,281.69223,18.48783,-0.006414681,0.021250032,0.022197118,8.319737,0.081652164
2022-02-21,0.33010584,19.374306,281.69223,18.483864,-0.006414681,0.021250032,0.022197118,8.317651,0.081652164
2022-02-22,0.32946894,19.374306,281.69223,18.479464,-0.006414681,0.021250032,0.022197118,8.317656,0.081652164
2022-02-23,0.32893336,19.374306,281.69223,18.471487,-0.006414681,0.021250032,0.022197118,8.316613,0.081652164
2022-02-24,0.328455,19.374306,281.69223,18.471188,-0.006414681,0.021250032,0.022197118,8.31771,0.081652164
2022-02-25,0.32853886,19.374306,281.69223,18.480042,-0.006414681,0.021250032,0.022197118,8.317218,0.081652164
2022-02-26,0.32967973,19.374306,281.69223,18.482885,-0.006414681,0.021250032,0.022197118,8.316394,0.081652164
2022-02-27,0.3276991,19.374306,281.69223,18.487188,-0.006414681,0.021250032,0.022197118,8.317253,0.081652164
2022-02-28,0.3276566,19.374306,281.69223,18.487986,-0.006414681,0.021250032,0.022197118,8.3182335,0.081652164
2022-03-01,0.329411,19.374306,281.69223,18.487823,-0.006414681,0.021250032,0.022197118,8.316528,0.081652164
2022-03-02,0.32705674,19.374306,281.69223,18.478106,-0.006414681,0.021250032,0.022197118,8.316576,0.081652164
2022-03-03,0.32860363,19.374306,281.69223,18.481964,-0.006414681,0.021250032,0.022197118,8.316839,0.081652164
2022-03-04,0.32939297,19.374306,281.69223,18.481195,-0.006414681,0.021250032,0.022197118,8.313781,0.081652164
2022-03-05,0.32872102,19.374306,281.69223,18.482527,-0.006414681,0.021250032,0.022197118,8.3132715,0.081652164
2022-03-06,0.3266612,19.374306,281.69223,18.48239,-0.006414681,0.021250032,0.022197118,8.314808,0.081652164
2022-03-07,0.32605582,19.374306,281.69223,18.479277,-0.006414681,0.021250032,0.022197118,8.314353,0.081652164
2022-03-08,0.32566416,19.374306,281.69223,18.472248,-0.006414681,0.021250032,0.022197118,8.313609,0.081652164
2022-03-09,0.32457134,19.374306,281.69223,18.46657,-0.006414681,0.021250032,0.022197118,8.315829,0.081652164
2022-03-10,0.32213688,19.374306,281.69223,18.471943,-0.006414681,0.021250032,0.022197118,8.317847,0.081652164
2022-03-11,0.3169233,19.374306,281.69223,18.481369,-0.006414681,0.021250032,0.022197118,8.315223,0.081652164
2022-03-12,0.3131424,19.374306,281.69223,18.482204,-0.006414681,0.021250032,0.022197118,8.3137,0.081652164
2022-03-13,0.30752444,19.374306,281.69223,18.493067,-0.006414681,0.021250032,0.022197118,8.311921,0.081652164
2022-03-14,0.30502245,19.374306,281.69223,18.486813,-0.006414681,0.021250032,0.022197118,8.31184,0.081652164
2022-03-15,0.30258745,19.374306,281.69223,18.476372,-0.006414681,0.021250032,0.022197118,8.310512,0.081652164
2022-03-16,0.3024057,19.374306,281.69223,18.473827,-0.006414681,0.021250032,0.022197118,8.31166,0.081652164
2022-03-17,0.30128634,19.374306,281.69223,18.488506,-0.006414681,0.021250032,0.022197118,8.314401,0.081652164
2022-03-18,0.29733586,19.374306,281.69223,18.4929,-0.006414681,0.021250032,0.022197118,8.314507,0.081652164
2022-03-19,0.29410982,19.374306,281.69223,18.505972,-0.006414681,0.021250032,0.022197118,8.310757,0.081652164
2022-03-20,0.28896403,19.374306,281.69223,18.518892,-0.006414681,0.021250032,0.022197118,8.303163,0.081652164
2022-03-21,0.2843153,19.374306,281.69223,18.519075,-0.006414681,0.021250032,0.022197118,8.300064,0.081652164
2022-03-22,0.2805881,19.374306,281.69223,18.516558,-0.006414681,0.021250032,0.022197118,8.299543,0.081652164
2022-03-23,0.27675715,19.374306,281.69223,18.521223,-0.006414681,0.021250032,0.022197118,8.298329,0.081652164
2022-03-24,0.2724311,19.374306,281.69223,18.507765,-0.006414681,0.021250032,0.022197118,8.296211,0.081652164
2022-03-25,0.2694539,19.374306,281.69223,18.512798,-0.006414681,0.021250032,0.022197118,8.29726,0.081652164
2022-03-26,0.26714757,19.374306,281.69223,18.505245,-0.006414681,0.021250032,0.022197118,8.297191,0.081652164
2022-03-27,0.26681632,19.374306,281.69223,18.502645,-0.006414681,0.021250032,0.022197118,8.29713,0.081652164
2022-03-28,0.26699072,19.374306,281.69223,18.49682,-0.006414681,0.021250032,0.022197118,8.294637,0.081652164
2022-03-29,0.26761043,19.374306,281.69223,18.484093,-0.006414681,0.021250032,0.022197118,8.29726,0.081652164
2022-03-30,0.26882684,19.374306,281.69223,18.473467,-0.006414681,0.021250032,0.022197118,8.2949,0.081652164
2022-03-31,0.2705792,19.374306,281.69223,18.468033,-0.006414681,0.021250032,0.022197118,8.297525,0.081652164
2022-04-01,0.27288297,19.374306,281.69223,18.471195,-0.006414681,0.021250032,0.022197118,8.29994,0.081652164
2022-04-02,0.2759635,19.374306,281.69223,18.477169,-0.006414681,0.021250032,0.022197118,8.297961,0.081652164
2022-04-03,0.27843696,19.374306,281.69223,18.464197,-0.006414681,0.021250032,0.022197118,8.295663,0.081652164
2022-04-04,0.277753,19.374306,281.69223,18.462376,-0.006414681,0.021250032,0.022197118,8.295929,0.081652164
2022-04-05,0.27876684,19.374306,281.69223,18.44337,-0.006414681,0.021250032,0.022197118,8.297113,0.081652164
2022-04-06,0.278472,19.374306,281.69223,18.45453,-0.006414681,0.021250032,0.022197118,8.294138,0.081652164
2022-04-07,0.27945048,19.374306,281.69223,18.44733,-0.006414681,0.021250032,0.022197118,8.294392,0.081652164
2022-04-08,0.28326178,19.374306,281.69223,18.447708,-0.006414681,0.021250032,0.022197118,8.293022,0.081652164
2022-04-09,0.28408515,19.374306,281.69223,18.441092,-0.006414681,0.021250032,0.022197118,8.292274,0.081652164
2022-04-10,0.28611624,19.374306,281.69223,18.444061,-0.006414681,0.021250032,0.022197118,8.289162,0.081652164
2022-04-11,0.28934735,19.374306,281.69223,18.451197,-0.006414681,0.021250032,0.022197118,8.292293,0.081652164
2022-04-12,0.29173386,19.374306,281.69223,18.477488,-0.006414681,0.021250032,0.022197118,8.292095,0.081652164
2022-04-13,0.29294887,19.374306,281.69223,18.467384,-0.006414681,0.021250032,0.022197118,8.290912,0.081652164
2022-04-14,0.29710126,19.374306,281.69223,18.460058,-0.006414681,0.021250032,0.022197118,8.287625,0.081652164
2022-04-15,0.30061692,19.374306,281.69223,18.441444,-0.006414681,0.021250032,0.022197118,8.278013,0.081652164
2022-04-16,0.3007483,19.374306,281.69223,18.439692,-0.006414681,0.021250032,0.022197118,8.281013,0.081652164
2022-04-17,0.30240545,19.374306,281.69223,18.439266,-0.006414681,0.021250032,0.022197118,8.283643,0.081652164
2022-04-18,0.30503428,19.374306,281.69223,18.463457,-0.006414681,0.021250032,0.022197118,8.285616,0.081652164
2022-04-19,0.30367225,19.374306,281.69223,18.458935,-0.006414681,0.021250032,0.022197118,8.283235,0.081652164
2022-04-20,0.30428183,19.374306,281.69223,18.457436,-0.006414681,0.021250032,0.022197118,8.283668,0.081652164
2022-04-21,0.30570087,19.374306,281.69223,18.447784,-0.006414681,0.021250032,0.022197118,8.282262,0.081652164
2022-04-22,0.30604786,19.374306,281.69223,18.45811,-0.006414681,0.021250032,0.022197118,8.282188,0.081652164
2022-04-23,0.30579403,19.374306,281.69223,18.45454,-0.006414681,0.021250032,0.022197118,8.281107,0.081652164
2022-04-24,0.30469182,19.374306,281.69223,18.439144,-0.006414681,0.021250032,0.022197118,8.26974,0.081652164
2022-04-25,0.30372128,19.374306,281.69223,18.422537,-0.006414681,0.021250032,0.022197118,8.267389,0.081652164
2022-04-26,0.30311668,19.374306,281.69223,18.415802,-0.006414681,0.021250032,0.022197118,8.261766,0.081652164
2022-04-27,0.302633,19.374306,281.69223,18.40857,-0.006414681,0.021250032,0.022197118,8.25948,0.081652164
2022-04-28,0.30340713,19.374306,281.69223,18.402763,-0.006414681,0.021250032,0.022197118,8.258631,0.081652164
2022-04-29,0.30359018,19.374306,281.69223,18.396654,-0.006414681,0.021250032,0.022197118,8.254933,0.081652164
2022-04-30,0.30297065,19.374306,281.69223,18.407454,-0.006414681,0.021250032,0.022197118,8.256758,0.081652164
2022-05-01,0.30214483,19.374306,281.69223,18.402433,-0.006414681,0.021250032,0.022197118,8.2585,0.081652164
2022-05-02,0.30342397,19.374306,281.69223,18.406784,-0.006414681,0.021250032,0.022197118,8.258854,0.081652164
2022-05-03,0.30326572,19.374306,281.69223,18.403044,-0.006414681,0.021250032,0.022197118,8.260285,0.081652164
2022-05-04,0.3061439,19.374306,281.69223,18.38234,-0.006414681,0.021250032,0.022197118,8.256831,0.081652164
2022-05-05,0.3085466,19.374306,281.69223,18.385084,-0.006414681,0.021250032,0.022197118,8.26083,0.081652164
2022-05-06,0.30814025,19.374306,281.69223,18.418299,-0.006414681,0.021250032,0.022197118,8.260195,0.081652164
2022-05-07,0.30738986,19.374306,281.69223,18.419092,-0.006414681,0.021250032,0.022197118,8.259191,0.081652164
2022-05-08,0.30660123,19.374306,281.69223,18.423605,-0.006414681,0.021250032,0.022197118,8.252658,0.081652164
2022-05-09,0.3061217,19.374306,281.69223,18.406626,-0.006414681,0.021250032,0.022197118,8.246257,0.081652164
2022-05-10,0.30569088,19.374306,281.69223,18.403425,-0.006414681,0.021250032,0.022197118,8.241885,0.081652164
2022-05-11,0.30601424,19.374306,281.69223,18.389034,-0.006414681,0.021250032,0.022197118,8.236878,0.081652164
2022-05-12,0.30671945,19.374306,281.69223,18.37468,-0.006414681,0.021250032,0.022197118,8.232093,0.081652164
2022-05-13,0.30793953,19.374306,281.69223,18.366934,-0.006414681,0.021250032,0.022197118,8.234845,0.081652164
2022-05-14,0.30954874,19.374306,281.69223,18.357483,-0.006414681,0.021250032,0.022197118,8.226786,0.081652164
2022-05-15,0.31065798,19.374306,281.69223,18.353897,-0.006414681,0.021250032,0.022197118,8.221474,0.081652164
2022-05-16,0.31035912,19.374306,281.69223,18.358849,-0.006414681,0.021250032,0.022197118,8.215537,0.081652164
2022-05-17,0.31155583,19.374306,281.69223,18.347616,-0.006414681,0.021250032,0.022197118,8.208123,0.081652164
2022-05-18,0.3139496,19.374306,281.69223,18.382511,-0.006414681,0.021250032,0.022197118,8.227706,0.081652164
2022-05-19,0.3141801,19.374306,281.69223,18.417753,-0.006414681,0.021250032,0.022197118,8.240781,0.081652164
2022-05-20,0.31313273,19.374306,281.69223,18.41589,-0.006414681,0.021250032,0.022197118,8.236994,0.081652164
2022-05-21,0.3147596,19.374306,281.69223,18.40249,-0.006414681,0.021250032,0.022197118,8.234738,0.081652164
2022-05-22,0.3171603,19.374306,281.69223,18.402082,-0.006414681,0.021250032,0.022197118,8.228951,0.081652164
2022-05-23,0.3197262,19.374306,281.69223,18.398191,-0.006414681,0.021250032,0.022197118,8.228041,0.081652164
2022-05-24,0.32349923,19.374306,281.69223,18.384249,-0.006414681,0.021250032,0.022197118,8.223471,0.081652164
2022-05-25,0.32602394,19.374306,281.69223,18.36897,-0.006414681,0.021250032,0.022197118,8.21473,0.081652164
2022-05-26,0.32633135,19.374306,281.69223,18.364609,-0.006414681,0.021250032,0.022197118,8.215522,0.081652164
2022-05-27,0.32813954,19.374306,281.69223,18.357775,-0.006414681,0.021250032,0.022197118,8.204464,0.081652164
2022-05-28,0.33018425,19.374306,281.69223,18.345295,-0.006414681,0.021250032,0.022197118,8.203523,0.081652164
2022-05-29,0.33179173,19.374306,281.69223,18.335102,-0.006414681,0.021250032,0.022197118,8.19997,0.081652164
2022-05-30,0.3306176,19.374306,281.69223,18.34891,-0.006414681,0.021250032,0.022197118,8.198182,0.081652164
2022-05-31,0.33150792,19.374306,281.69223,18.33775,-0.006414681,0.021250032,0.022197118,8.185417,0.081652164
2022-06-01,0.33160898,19.374306,281.69223,18.34121,-0.006414681,0.021250032,0.022197118,8.177819,0.081652164
2022-06-02,0.33288908,19.77794,279.61392,18.331373,-0.006414681,0.021250032,0.022197118,8.171763,0.081652164
2022-06-03,0.3345678,19.615078,278.3031,18.32577,-0.006414681,0.021250032,0.022197118,8.17939,0.081652164
2022-06-04,0.33509865,19.50302,277.16263,18.3457,-0.006414681,0.021250032,0.022197118,8.184751,0.081652164
2022-06-05,0.33390012,20.0568,274.47348,18.356457,-0.006414681,0.021250032,0.022197118,8.175536,0.081652164
2022-06-06,0.33632317,20.239666,272.29395,18.364132,-0.006414681,0.021250032,0.022197118,8.1763315,0.081652164
2022-06-07,0.33819926,20.376978,270.77835,18.387053,-0.006414681,0.021250032,0.022197118,8.177999,0.081652164
2022-06-08,0.3397654,20.686874,269.2447,18.38538,-0.006414681,0.021250032,0.022197118,8.174014,0.081652164
2022-06-09,0.34443432,21.154459,267.3787,18.368156,-0.006414681,0.021250032,0.022197118,8.16733,0.081652164
2022-06-10,0.34692776,21.434452,266.22958,18.36115,-0.006414681,0.021250032,0.022197118,8.164415,0.081652164
2022-06-11,0.3487724,21.592749,264.7714,18.35961,-0.006414681,0.021250032,0.022197118,8.16398,0.081652164
2022-06-12,0.35278806,21.504862,263.96613,18.367311,-0.006414681,0.021250032,0.022197118,8.169431,0.081652164
2022-06-13,0.35074976,21.498913,262.80954,18.395426,-0.006414681,0.021250032,0.022197118,8.169346,0.081652164
2022-06-14,0.3513964,21.976578,260.44742,18.393948,-0.006414681,0.021250032,0.022197118,8.1612215,0.081652164
2022-06-15,0.3514655,21.959356,259.34286,18.403685,-0.006414681,0.021250032,0.022197118,8.163559,0.081652164
2022-06-16,0.3510849,22.104141,258.41483,18.39813,-0.006414681,0.021250032,0.022197118,8.160005,0.081652164
2022-06-17,0.3516544,22.310827,258.01114,18.386791,-0.006414681,0.021250032,0.022197118,8.15756,0.081652164
2022-06-18,0.35159874,22.436607,256.99142,18.389784,-0.006414681,0.021250032,0.022197118,8.160425,0.081652164
2022-06-19,0.35280907,22.57288,256.0352,18.399313,-0.006414681,0.021250032,0.022197118,8.161265,0.081652164
2022-06-20,0.3531007,22.85508,254.86089,18.394024,-0.006414681,0.021250032,0.022197118,8.156249,0.081652164
2022-06-21,0.3560184,22.968641,254.23576,18.375618,-0.006414681,0.021250032,0.022197118,8.156606,0.081652164
2022-06-22,0.35761777,22.472937,255.74615,18.397493,-0.006414681,0.021250032,0.022197118,8.166558,0.081652164
2022-06-23,0.35766536,22.015162,258.4761,18.400045,-0.006414681,0.021250032,0.022197118,8.174038,0.081652164
2022-06-24,0.36152294,21.866045,258.3484,18.399847,-0.006414681,0.021250032,0.022197118,8.176437,0.081652164
2022-06-25,0.36848393,21.85648,257.59787,18.396826,-0.006414681,0.021250032,0.022197118,8.176957,0.081652164
2022-06-26,0.37368122,21.849184,257.23193,18.386362,-0.006414681,0.021250032,0.022197118,8.1771345,0.081652164
2022-06-27,0.3819383,21.899418,256.86823,18.379356,-0.006414681,0.021250032,0.022197118,8.178008,0.081652164
2022-06-28,0.38582423,22.030401,256.153,18.37808,-0.006414681,0.021250032,0.022197118,8.17626,0.081652164
2022-06-29,0.3860044,22.471647,255.10844,18.375393,-0.006414681,0.021250032,0.022197118,8.170092,0.081652164
2022-06-30,0.3862293,22.82642,254.56505,18.366348,-0.006414681,0.021250032,0.022197118,8.167635,0.081652164
2022-07-01,0.3865244,23.117743,253.44537,18.359324,-0.006414681,0.021250032,0.022197118,8.165012,0.081652164
2022-07-02,0.38653386,23.153349,252.81247,18.363173,-0.006414681,0.021250032,0.022197118,8.166786,0.081652164
2022-07-03,0.3849438,23.11093,252.89696,18.375061,-0.006414681,0.021250032,0.022197118,8.169005,0.081652164
2022-07-04,0.38360155,23.45425,252.00864,18.363834,-0.006414681,0.021250032,0.022197118,8.16637,0.081652164
2022-07-05,0.3843605,23.84457,251.02176,18.352175,-0.006414681,0.021250032,0.022197118,8.162018,0.081652164
2022-07-06,0.38490108,24.151346,249.79303,18.348673,-0.006414681,0.021250032,0.022197118,8.159769,0.081652164
2022-07-07,0.38601482,24.488892,248.3764,18.360605,-0.006414681,0.021250032,0.022197118,8.15766,0.081652164
2022-07-08,0.38550743,24.727995,246.83363,18.377975,-0.006414681,0.021250032,0.022197118,8.156506,0.081652164
2022-07-09,0.38421938,24.963335,245.78401,18.39119,-0.006414681,0.021250032,0.022197118,8.152203,0.081652164
2022-07-10,0.38417214,24.621763,245.95938,18.390514,-0.006414681,0.021250032,0.022197118,8.159333,0.081652164
2022-07-11,0.38489586,24.316414,246.14125,18.386784,-0.006414681,0.021250032,0.022197118,8.165602,0.081652164
2022-07-12,0.38391614,24.428804,245.83643,18.388384,-0.006414681,0.021250032,0.022197118,8.163007,0.081652164
2022-07-13,0.3830362,24.462122,245.5745,18.383577,-0.006414681,0.021250032,0.022197118,8.164513,0.081652164
2022-07-14,0.38152447,24.339252,245.22833,18.382261,-0.006414681,0.021250032,0.022197118,8.168148,0.081652164
2022-07-15,0.3813547,24.492008,244.96667,18.374018,-0.006414681,0.021250032,0.022197118,8.166371,0.081652164
2022-07-16,0.3819555,24.628347,244.64084,18.372692,-0.006414681,0.021250032,0.022197118,8.1657295,0.081652164
2022-07-17,0.38410583,24.732996,243.72728,18.37876,-0.006414681,0.021250032,0.022197118,8.1648,0.081652164
2022-07-18,0.38238624,24.345053,244.62132,18.399744,-0.006414681,0.021250032,0.022197118,8.170883,0.081652164
2022-07-19,0.3780401,24.014627,245.78204,18.421339,-0.006414681,0.021250032,0.022197118,8.175823,0.081652164
2022-07-20,0.37584153,24.04314,245.42923,18.42572,-0.006414681,0.021250032,0.022197118,8.176939,0.081652164
2022-07-21,0.375181,24.039818,244.7191,18.431704,-0.006414681,0.021250032,0.022197118,8.177259,0.081652164
2022-07-22,0.3742846,24.110394,244.43225,18.433859,-0.006414681,0.021250032,0.022197118,8.176536,0.081652164
2022-07-23,0.3738874,24.253662,244.26622,18.439095,-0.006414681,0.021250032,0.022197118,8.175867,0.081652164
2022-07-24,0.3740444,24.486885,243.82047,18.43591,-0.006414681,0.021250032,0.022197118,8.172993,0.081652164
2022-07-25,0.37536922,24.738396,243.12086,18.432732,-0.006414681,0.021250032,0.022197118,8.171051,0.081652164
2022-07-26,0.37577865,24.99243,242.59132,18.431736,-0.006414681,0.021250032,0.022197118,8.16943,0.081652164
2022-07-27,0.3778461,25.244793,242.05435,18.428015,-0.006414681,0.021250032,0.022197118,8.166946,0.081652164
2022-07-28,0.37819332,25.322819,241.68782,18.425028,-0.006414681,0.021250032,0.022197118,8.168433,0.081652164
2022-07-29,0.3791658,25.413317,241.02954,18.426039,-0.006414681,0.021250032,0.022197118,8.167485,0.081652164
2022-07-30,0.37937182,25.572083,240.03181,18.431196,-0.006414681,0.021250032,0.022197118,8.16604,0.081652164
2022-07-31,0.37915042,25.821983,238.98505,18.420858,-0.006414681,0.021250032,0.022197118,8.1639385,0.081652164
2022-08-01,0.37904015,26.018307,238.06242,18.415318,-0.006414681,0.021250032,0.022197118,8.162837,0.081652164
2022-08-02,0.37808785,26.166033,237.25844,18.409393,-0.006414681,0.021250032,0.022197118,8.161542,0.081652164
2022-08-03,0.37647992,26.215458,236.7462,18.413586,-0.006414681,0.021250032,0.022197118,8.162568,0.081652164
2022-08-04,0.37472683,26.32923,236.40489,18.41329,-0.006414681,0.021250032,0.022197118,8.1616745,0.081652164
2022-08-05,0.37441012,26.430708,236.16512,18.408735,-0.006414681,0.021250032,0.022197118,8.161252,0.081652164
2022-08-06,0.3744535,26.538445,235.81415,18.409912,-0.006414681,0.021250032,0.022197118,8.161666,0.081652164
2022-08-07,0.3730616,26.435911,235.94478,18.422379,-0.006414681,0.021250032,0.022197118,8.164412,0.081652164
2022-08-08,0.37037444,26.427103,236.09985,18.444231,-0.006414681,0.021250032,0.022197118,8.165559,0.081652164
2022-08-09,0.36749026,26.4289,235.77216,18.458666,-0.006414681,0.021250032,0.022197118,8.165828,0.081652164
2022-08-10,0.3628326,26.423054,235.4915,18.469137,-0.006414681,0.021250032,0.022197118,8.165979,0.081652164
2022-08-11,0.35799736,26.337486,235.85597,18.479767,-0.006414681,0.021250032,0.022197118,8.167299,0.081652164
2022-08-12,0.35465184,26.422379,235.66515,18.476967,-0.006414681,0.021250032,0.022197118,8.165962,0.081652164
2022-08-13,0.35317543,26.591244,235.50111,18.472685,-0.006414681,0.021250032,0.022197118,8.162578,0.081652164
2022-08-14,0.3534366,26.773973,235.3965,18.468363,-0.006414681,0.021250032,0.022197118,8.160946,0.081652164
2022-08-15,0.35388896,26.766932,235.09796,18.45784,-0.006414681,0.021250032,0.022197118,8.163345,0.081652164
2022-08-16,0.3547049,26.747515,234.72906,18.45227,-0.006414681,0.021250032,0.022197118,8.1666765,0.081652164
2022-08-17,0.35552073,26.930683,234.16191,18.442097,-0.006414681,0.021250032,0.022197118,8.163237,0.081652164
2022-08-18,0.3562587,27.081856,233.87482,18.449917,-0.006414681,0.021250032,0.022197118,8.162549,0.081652164
2022-08-19,0.3572727,27.09415,233.36998,18.457113,-0.006414681,0.021250032,0.022197118,8.164357,0.081652164
2022-08-20,0.35931483,27.228495,233.03564,18.456322,-0.006414681,0.021250032,0.022197118,8.1630945,0.081652164
2022-08-21,0.3592878,27.294464,232.61797,18.459839,-0.006414681,0.021250032,0.022197118,8.163549,0.081652164
2022-08-22,0.35857219,27.426182,231.82611,18.444248,-0.006414681,0.021250032,0.022197118,8.162259,0.081652164
2022-08-23,0.35745662,27.496565,231.16801,18.44552,-0.006414681,0.021250032,0.022197118,8.162146,0.081652164
2022-08-24,0.3550009,27.444012,230.94766,18.461042,-0.006414681,0.021250032,0.022197118,8.163535,0.081652164
2022-08-25,0.35199457,27.261154,231.01361,18.477945,-0.006414681,0.021250032,0.022197118,8.165127,0.081652164
2022-08-26,0.3477371,27.305298,230.69693,18.49481,-0.006414681,0.021250032,0.022197118,8.164509,0.081652164
2022-08-27,0.34579134,27.38611,230.4885,18.494272,-0.006414681,0.021250032,0.022197118,8.163666,0.081652164
2022-08-28,0.34501627,27.523249,230.43558,18.498306,-0.006414681,0.021250032,0.022197118,8.1612835,0.081652164
2022-08-29,0.34563997,27.59389,230.3169,18.492273,-0.006414681,0.021250032,0.022197118,8.161531,0.081652164
2022-08-30,0.34596488,27.586645,230.29292,18.490286,-0.006414681,0.021250032,0.022197118,8.164762,0.081652164
2022-08-31,0.34564123,27.579027,229.88509,18.495651,-0.006414681,0.021250032,0.022197118,8.165986,0.081652164
2022-09-01,0.34608966,27.54685,229.26003,18.512753,-0.006414681,0.021250032,0.022197118,8.16615,0.081652164
2022-09-02,0.34303337,27.213642,230.62286,18.528158,-0.006414681,0.021250032,0.022197118,8.171458,0.081652164
2022-09-03,0.342208,26.947302,231.53572,18.544573,-0.006414681,0.021250032,0.022197118,8.174764,0.081652164
2022-09-04,0.33903268,26.446909,232.84465,18.547102,-0.006414681,0.021250032,0.022197118,8.181284,0.081652164
2022-09-05,0.33227012,25.788029,235.08301,18.5683,-0.006414681,0.021250032,0.022197118,8.190019,0.081652164
2022-09-06,0.32336244,25.089956,237.3785,18.574978,-0.006414681,0.021250032,0.022197118,8.198991,0.081652164
2022-09-07,0.31455326,24.472631,238.55171,18.580545,-0.006414681,0.021250032,0.022197118,8.205937,0.081652164
2022-09-08,0.31023204,24.239597,238.63298,18.576517,-0.006414681,0.021250032,0.022197118,8.208719,0.081652164
2022-09-09,0.30870575,24.088593,238.8684,18.571629,-0.006414681,0.021250032,0.022197118,8.210615,0.081652164
2022-09-10,0.30741224,23.998308,239.40503,18.57313,-0.006414681,0.021250032,0.022197118,8.211736,0.081652164
2022-09-11,0.30844718,24.073801,239.81871,18.556938,-0.006414681,0.021250032,0.022197118,8.210803,0.081652164
2022-09-12,0.31090394,23.992077,239.97133,18.559986,-0.006414681,0.021250032,0.022197118,8.211878,0.081652164
2022-09-13,0.31617475,23.781073,240.40271,18.555698,-0.006414681,0.021250032,0.022197118,8.216495,0.081652164
2022-09-14,0.31758305,23.517887,241.47578,18.554731,-0.006414681,0.021250032,0.022197118,8.220274,0.081652164
2022-09-15,0.3171334,23.501408,242.27412,18.548153,-0.006414681,0.021250032,0.022197118,8.221985,0.081652164
2022-09-16,0.3180361,23.464428,243.00653,18.540615,-0.006414681,0.021250032,0.022197118,8.221616,0.081652164
2022-09-17,0.32156593,23.563984,243.0158,18.534857,-0.006414681,0.021250032,0.022197118,8.219516,0.081652164
2022-09-18,0.32328093,23.495058,242.82886,18.538784,-0.006414681,0.021250032,0.022197118,8.219699,0.081652164
2022-09-19,0.32109103,23.171917,243.78981,18.556572,-0.006414681,0.021250032,0.022197118,8.224135,0.081652164
2022-09-20,0.32057616,23.02326,244.13596,18.557608,-0.006414681,0.021250032,0.022197118,8.2265215,0.081652164
2022-09-21,0.319384,22.795588,244.72714,18.570398,-0.006414681,0.021250032,0.022197118,8.231356,0.081652164
2022-09-22,0.32343876,22.4767,245.2845,18.567684,-0.006414681,0.021250032,0.022197118,8.2355,0.081652164
2022-09-23,0.32969594,22.150394,246.58646,18.571657,-0.006414681,0.021250032,0.022197118,8.2400675,0.081652164
2022-09-24,0.3317274,21.809206,247.75166,18.569563,-0.006414681,0.021250032,0.022197118,8.244818,0.081652164
2022-09-25,0.3326966,21.62231,248.89061,18.565624,-0.006414681,0.021250032,0.022197118,8.248395,0.081652164
2022-09-26,0.33199587,21.507559,249.38847,18.562838,-0.006414681,0.021250032,0.022197118,8.250017,0.081652164
2022-09-27,0.33398363,21.505138,249.9481,18.561012,-0.006414681,0.021250032,0.022197118,8.25002,0.081652164
2022-09-28,0.33778328,21.494955,250.44284,18.5527,-0.006414681,0.021250032,0.022197118,8.2500725,0.081652164
2022-09-29,0.3409004,21.665777,250.7721,18.54838,-0.006414681,0.021250032,0.022197118,8.247907,0.081652164
2022-09-30,0.343288,21.803484,250.87605,18.542772,-0.006414681,0.021250032,0.022197118,8.24575,0.081652164
2022-10-01,0.34494337,21.920376,251.04842,18.539997,-0.006414681,0.021250032,0.022197118,8.24352,0.081652164
2022-10-02,0.3470198,21.706787,250.82465,18.544996,-0.006414681,0.021250032,0.022197118,8.248438,0.081652164
2022-10-03,0.3494688,21.42176,251.5555,18.553076,-0.006414681,0.021250032,0.022197118,8.25115,0.081652164
2022-10-04,0.35094172,21.2432,251.7562,18.549675,-0.006414681,0.021250032,0.022197118,8.25378,0.081652164
2022-10-05,0.35174462,21.10129,252.17001,18.55323,-0.006414681,0.021250032,0.022197118,8.256666,0.081652164
2022-10-06,0.3491,20.912659,252.85422,18.55395,-0.006414681,0.021250032,0.022197118,8.259351,0.081652164
2022-10-07,0.3461121,20.841497,253.60263,18.55834,-0.006414681,0.021250032,0.022197118,8.261572,0.081652164
2022-10-08,0.3434658,20.680458,254.13733,18.564198,-0.006414681,0.021250032,0.022197118,8.262733,0.081652164
2022-10-09,0.34321958,20.621677,254.48782,18.565071,-0.006414681,0.021250032,0.022197118,8.263697,0.081652164
2022-10-10,0.3447815,20.361088,255.69005,18.569656,-0.006414681,0.021250032,0.022197118,8.265205,0.081652164
2022-10-11,0.34209538,20.10849,256.73584,18.569418,-0.006414681,0.021250032,0.022197118,8.268676,0.081652164
2022-10-12,0.33913782,19.919226,257.2992,18.57047,-0.006414681,0.021250032,0.022197118,8.271489,0.081652164
2022-10-13,0.337599,19.766563,257.75623,18.556412,-0.006414681,0.021250032,0.022197118,8.27409,0.081652164
2022-10-14,0.33386344,19.563847,258.34186,18.562035,-0.006414681,0.021250032,0.022197118,8.275796,0.081652164
2022-10-15,0.32908374,19.334894,259.70605,18.57171,-0.006414681,0.021250032,0.022197118,8.277378,0.081652164
2022-10-16,0.3243699,19.167189,260.5041,18.575321,-0.006414681,0.021250032,0.022197118,8.278527,0.081652164
2022-10-17,0.31965435,19.02407,261.2402,18.588129,-0.006414681,0.021250032,0.022197118,8.279856,0.081652164
2022-10-18,0.31495956,18.895704,262.14514,18.590277,-0.006414681,0.021250032,0.022197118,8.280658,0.081652164
2022-10-19,0.31201395,18.822754,262.44098,18.58218,-0.006414681,0.021250032,0.022197118,8.281336,0.081652164
2022-10-20,0.30958107,18.568884,263.26874,18.585464,-0.006414681,0.021250032,0.022197118,8.282983,0.081652164
2022-10-21,0.30543518,18.218971,264.8836,18.582827,-0.006414681,0.021250032,0.022197118,8.28676,0.081652164
2022-10-22,0.30315676,18.050625,265.1789,18.581326,-0.006414681,0.021250032,0.022197118,8.289478,0.081652164
2022-10-23,0.30285624,17.966646,265.87576,18.566622,-0.006414681,0.021250032,0.022197118,8.290881,0.081652164
2022-10-24,0.30415905,17.865824,266.79782,18.563372,-0.006414681,0.021250032,0.022197118,8.2913265,0.081652164
2022-10-25,0.30502808,17.861725,267.02426,18.562424,-0.006414681,0.021250032,0.022197118,8.2921,0.081652164
2022-10-26,0.3056211,17.787395,267.27063,18.562206,-0.006414681,0.021250032,0.022197118,8.292117,0.081652164
2022-10-27,0.30595833,17.686821,267.85266,18.57267,-0.006414681,0.021250032,0.022197118,8.292801,0.081652164
2022-10-28,0.3068227,17.5728,268.30978,18.57265,-0.006414681,0.021250032,0.022197118,8.294378,0.081652164
2022-10-29,0.30638644,17.50782,268.62265,18.57601,-0.006414681,0.021250032,0.022197118,8.296221,0.081652164
2022-10-30,0.3057549,17.424473,268.73108,18.572817,-0.006414681,0.021250032,0.022197118,8.297396,0.081652164
2022-10-31,0.3075998,17.379673,269.2175,18.567091,-0.006414681,0.021250032,0.022197118,8.298061,0.081652164
2022-11-01,0.30648613,17.187904,270.30377,18.57087,-0.006414681,0.021250032,0.022197118,8.299786,0.081652164
2022-11-02,0.30647796,17.073818,270.66476,18.560114,-0.006414681,0.021250032,0.022197118,8.301852,0.081652164
2022-11-03,0.30617,16.953293,270.99197,18.560614,-0.006414681,0.021250032,0.022197118,8.302243,0.081652164
2022-11-04,0.30819982,16.880028,271.5345,18.560905,-0.006414681,0.021250032,0.022197118,8.303326,0.081652164
2022-11-05,0.30846733,16.790726,271.63354,18.563133,-0.006414681,0.021250032,0.022197118,8.304015,0.081652164
2022-11-06,0.3082248,16.60776,272.1243,18.576035,-0.006414681,0.021250032,0.022197118,8.304085,0.081652164
2022-11-07,0.30462092,16.393751,272.9576,18.581226,-0.006414681,0.021250032,0.022197118,8.30424,0.081652164
2022-11-08,0.30108136,16.224583,273.50122,18.574894,-0.006414681,0.021250032,0.022197118,8.305842,0.081652164
2022-11-09,0.29954976,16.086222,273.90424,18.573675,-0.006414681,0.021250032,0.022197118,8.307522,0.081652164
2022-11-10,0.29916105,16.018433,274.29648,18.571293,-0.006414681,0.021250032,0.022197118,8.309125,0.081652164
2022-11-11,0.29968107,15.962103,274.5841,18.567879,-0.006414681,0.021250032,0.022197118,8.309947,0.081652164
2022-11-12,0.29915196,15.887563,274.77988,18.56912,-0.006414681,0.021250032,0.022197118,8.310586,0.081652164
2022-11-13,0.29787198,15.787344,275.0744,18.567993,-0.006414681,0.021250032,0.022197118,8.311327,0.081652164
2022-11-14,0.29683495,15.688149,275.51425,18.56926,-0.006414681,0.021250032,0.022197118,8.312937,0.081652164
2022-11-15,0.29616165,15.575606,275.97037,18.570137,-0.006414681,0.021250032,0.022197118,8.314778,0.081652164
2022-11-16,0.2957737,15.53705,276.44794,18.56282,-0.006414681,0.021250032,0.022197118,8.315419,0.081652164
2022-11-17,0.29829064,15.430758,277.25745,18.558552,-0.006414681,0.021250032,0.022197118,8.315023,0.081652164
2022-11-18,0.3045572,15.366699,278.1873,18.553654,-0.006414681,0.021250032,0.022197118,8.313864,0.081652164
2022-11-19,0.30922365,15.293948,278.86182,18.553402,-0.006414681,0.021250032,0.022197118,8.313195,0.081652164
2022-11-20,0.3134485,15.268718,279.25024,18.564678,-0.006414681,0.021250032,0.022197118,8.312441,0.081652164
2022-11-21,0.31735256,15.237223,279.5149,18.561428,-0.006414681,0.021250032,0.022197118,8.311515,0.081652164
2022-11-22,0.32179078,15.146402,279.77356,18.564075,-0.006414681,0.021250032,0.022197118,8.311693,0.081652164
2022-11-23,0.32366145,15.021811,280.086,18.565596,-0.006414681,0.021250032,0.022197118,8.312248,0.081652164
2022-11-24,0.3271657,15.0693445,280.53247,18.560314,-0.006414681,0.021250032,0.022197118,8.311451,0.081652164
2022-11-25,0.33201554,14.945851,280.51572,18.558205,-0.006414681,0.021250032,0.022197118,8.311441,0.081652164
2022-11-26,0.3341262,14.756961,281.19492,18.568262,-0.006414681,0.021250032,0.022197118,8.311289,0.081652164
2022-11-27,0.33470958,14.507717,282.45618,18.568485,-0.006414681,0.021250032,0.022197118,8.311903,0.081652164
2022-11-28,0.33347633,14.342697,282.96417,18.566154,-0.006414681,0.021250032,0.022197118,8.31348,0.081652164
2022-11-29,0.33195138,14.205158,283.61078,18.569536,-0.006414681,0.021250032,0.022197118,8.314236,0.081652164
2022-11-30,0.3294071,14.084392,284.18842,18.571865,-0.006414681,0.021250032,0.022197118,8.314486,0.081652164
2022-12-01,0.32712755,13.957367,284.78073,18.57333,-0.006414681,0.021250032,0.022197118,8.314946,0.081652164
2022-12-02,0.32651353,13.85651,285.32822,18.572836,-0.006414681,0.021250032,0.022197118,8.315128,0.081652164
2022-12-03,0.32624227,13.706775,285.82388,18.571976,-0.006414681,0.021250032,0.022197118,8.315816,0.081652164
2022-12-04,0.32490948,13.530557,286.48117,18.581303,-0.006414681,0.021250032,0.022197118,8.316701,0.081652164
2022-12-05,0.3234739,13.350344,287.26852,18.584805,-0.006414681,0.021250032,0.022197118,8.317545,0.081652164
2022-12-06,0.32125652,13.224861,287.88895,18.585749,-0.006414681,0.021250032,0.022197118,8.318749,0.081652164
2022-12-07,0.32084396,13.133875,288.43066,18.581104,-0.006414681,0.021250032,0.022197118,8.319303,0.081652164
2022-12-08,0.32136187,13.079667,289.12134,18.564342,-0.006414681,0.021250032,0.022197118,8.31828,0.081652164
2022-12-09,0.32391322,13.030467,289.54745,18.558517,-0.006414681,0.021250032,0.022197118,8.318258,0.081652164
2022-12-10,0.32699448,13.012244,289.83487,18.556807,-0.006414681,0.021250032,0.022197118,8.318564,0.081652164
2022-12-11,0.33141395,12.968732,290.28806,18.561289,-0.006414681,0.021250032,0.022197118,8.318436,0.081652164
2022-12-12,0.33779138,12.966677,290.9343,18.566286,-0.006414681,0.021250032,0.022197118,8.316889,0.081652164
2022-12-13,0.34160075,12.842636,291.1585,18.566845,-0.006414681,0.021250032,0.022197118,8.31734,0.081652164
2022-12-14,0.34180674,12.689991,291.6457,18.57717,-0.006414681,0.021250032,0.022197118,8.319141,0.081652164
2022-12-15,0.34513915,12.573286,292.22034,18.573454,-0.006414681,0.021250032,0.022197118,8.320213,0.081652164
2022-12-16,0.34960458,12.570974,292.71472,18.571918,-0.006414681,0.021250032,0.022197118,8.319972,0.081652164
2022-12-17,0.35100362,12.542406,293.30243,18.5672,-0.006414681,0.021250032,0.022197118,8.319572,0.081652164
2022-12-18,0.35332116,12.5314865,293.61917,18.570549,-0.006414681,0.021250032,0.022197118,8.3199215,0.081652164
2022-12-19,0.35333416,12.31086,293.77847,18.575268,-0.006414681,0.021250032,0.022197118,8.320563,0.081652164
2022-12-20,0.34755814,12.068113,294.48184,18.565672,-0.006414681,0.021250032,0.022197118,8.320367,0.081652164
2022-12-21,0.3449715,11.942737,294.92517,18.563124,-0.006414681,0.021250032,0.022197118,8.321622,0.081652164
2022-12-22,0.34338647,11.848758,295.49054,18.560913,-0.006414681,0.021250032,0.022197118,8.322368,0.081652164
2022-12-23,0.3427671,11.784001,296.16156,18.55483,-0.006414681,0.021250032,0.022197118,8.321482,0.081652164
2022-12-24,0.3428452,11.702072,296.6379,18.551256,-0.006414681,0.021250032,0.022197118,8.321984,0.081652164
2022-12-25,0.34405214,11.650544,296.65994,18.550493,-0.006414681,0.021250032,0.022197118,8.323173,0.081652164
2022-12-26,0.3465726,11.589264,296.70184,18.55985,-0.006414681,0.021250032,0.022197118,8.323848,0.081652164
2022-12-27,0.34798935,11.500961,297.30933,18.557892,-0.006414681,0.021250032,0.022197118,8.323652,0.081652164
2022-12-28,0.34970742,11.415426,298.00723,18.563423,-0.006414681,0.021250032,0.022197118,8.324217,0.081652164
2022-12-29,0.3494008,11.300063,298.65692,18.560173,-0.006414681,0.021250032,0.022197118,8.324854,0.081652164
2022-12-30,0.34960696,11.270265,299.39322,18.555593,-0.006414681,0.021250032,0.022197118,8.324962,0.081652164
2022-12-31,0.350351,11.239984,300.20197,18.549849,-0.006414681,0.021250032,0.022197118,8.323912,0.081652164
2023-01-01,0.3512734,11.19953,300.61224,18.541695,-0.006414681,0.021250032,0.022197118,8.322947,0.081652164
2023-01-02,0.35174438,11.17593,301.0886,18.5353,-0.006414681,0.021250032,0.022197118,8.320942,0.081652164
2023-01-03,0.35228708,11.1355915,301.4806,18.536015,-0.006414681,0.021250032,0.022197118,8.321083,0.081652164
2023-01-04,0.35223207,11.086234,301.7483,18.539091,-0.006414681,0.021250032,0.022197118,8.321664,0.081652164
2023-01-05,0.35101986,11.04967,301.72458,18.553627,-0.006414681,0.021250032,0.022197118,8.323528,0.081652164
2023-01-06,0.35250726,10.988159,301.70358,18.558943,-0.006414681,0.021250032,0.022197118,8.322798,0.081652164
2023-01-07,0.35467994,10.899852,302.14804,18.558153,-0.006414681,0.021250032,0.022197118,8.32237,0.081652164
2023-01-08,0.35378298,10.756357,302.58426,18.55747,-0.006414681,0.021250032,0.022197118,8.324159,0.081652164
2023-01-09,0.35127163,10.630642,302.80957,18.56359,-0.006414681,0.021250032,0.022197118,8.325792,0.081652164
2023-01-10,0.34934038,10.545381,303.18225,18.569626,-0.006414681,0.021250032,0.022197118,8.326865,0.081652164
2023-01-11,0.3484528,10.450593,303.79712,18.564962,-0.006414681,0.021250032,0.022197118,8.3253355,0.081652164
2023-01-12,0.34542426,10.36543,304.46503,18.566158,-0.006414681,0.021250032,0.022197118,8.322899,0.081652164
2023-01-13,0.34140882,10.258366,304.99365,18.563036,-0.006414681,0.021250032,0.022197118,8.321129,0.081652164
2023-01-14,0.33861843,10.184328,305.4313,18.560469,-0.006414681,0.021250032,0.022197118,8.319995,0.081652164
2023-01-15,0.33783802,10.165395,305.73578,18.556126,-0.006414681,0.021250032,0.022197118,8.318552,0.081652164
2023-01-16,0.33650103,10.124121,306.00745,18.553595,-0.006414681,0.021250032,0.022197118,8.319493,0.081652164
2023-01-17,0.33725342,10.118358,306.47296,18.55814,-0.006414681,0.021250032,0.022197118,8.322155,0.081652164
2023-01-18,0.33944237,10.136612,306.92328,18.561087,-0.006414681,0.021250032,0.022197118,8.321002,0.081652164
2023-01-19,0.34265617,10.158207,307.34445,18.56744,-0.006414681,0.021250032,0.022197118,8.319068,0.081652164
2023-01-20,0.34545225,10.179368,307.7494,18.564497,-0.006414681,0.021250032,0.022197118,8.317616,0.081652164
2023-01-21,0.347613,10.210154,308.08603,18.564278,-0.006414681,0.021250032,0.022197118,8.3152,0.081652164
2023-01-22,0.34726423,10.192581,308.29672,18.562332,-0.006414681,0.021250032,0.022197118,8.315851,0.081652164
2023-01-23,0.3445369,10.1254225,308.50156,18.56112,-0.006414681,0.021250032,0.022197118,8.317637,0.081652164
2023-01-24,0.3417587,10.044192,308.82797,18.558006,-0.006414681,0.021250032,0.022197118,8.31774,0.081652164
2023-01-25,0.3397791,9.999072,309.0304,18.556784,-0.006414681,0.021250032,0.022197118,8.317671,0.081652164
2023-01-26,0.336495,9.929568,309.18335,18.556915,-0.006414681,0.021250032,0.022197118,8.317716,0.081652164
2023-01-27,0.33446753,9.923127,309.19,18.56163,-0.006414681,0.021250032,0.022197118,8.318315,0.081652164
2023-01-28,0.33270952,9.883895,309.5599,18.561735,-0.006414681,0.021250032,0.022197118,8.318046,0.081652164
2023-01-29,0.33144706,9.779893,309.53287,18.562227,-0.006414681,0.021250032,0.022197118,8.318283,0.081652164
2023-01-30,0.32923487,9.647505,309.63977,18.56021,-0.006414681,0.021250032,0.022197118,8.314026,0.081652164
2023-01-31,0.32784098,9.558079,310.02402,18.560978,-0.006414681,0.021250032,0.022197118,8.312021,0.081652164
2023-02-01,0.32665506,9.473674,310.3822,18.557373,-0.006414681,0.021250032,0.022197118,8.312829,0.081652164
2023-02-02,0.32684457,9.389549,310.8362,18.55611,-0.006414681,0.021250032,0.022197118,8.31065,0.081652164
2023-02-03,0.3288021,9.316118,310.94653,18.557144,-0.006414681,0.021250032,0.022197118,8.308918,0.081652164
2023-02-04,0.32992944,9.254284,311.19055,18.561064,-0.006414681,0.021250032,0.022197118,8.310157,0.081652164
2023-02-05,0.33138677,9.206522,310.51108,18.56959,-0.006414681,0.021250032,0.022197118,8.315558,0.081652164
2023-02-06,0.3251407,9.098041,308.17474,18.583963,-0.006414681,0.021250032,0.022197118,8.30983,0.081652164
2023-02-07,0.31795663,8.923313,305.11984,18.596212,-0.006414681,0.021250032,0.022197118,8.300318,0.081652164
2023-02-08,0.31227738,8.747632,304.71793,18.602722,-0.006414681,0.021250032,0.022197118,8.296373,0.081652164
2023-02-09,0.3057079,8.607721,305.07553,18.605844,-0.006414681,0.021250032,0.022197118,8.29307,0.081652164
2023-02-10,0.29932475,8.512061,306.13037,18.602486,-0.006414681,0.021250032,0.022197118,8.2899685,0.081652164
2023-02-11,0.29495826,8.444683,307.09564,18.595491,-0.006414681,0.021250032,0.022197118,8.288667,0.081652164
2023-02-12,0.2905756,8.369363,308.03867,18.601238,-0.006414681,0.021250032,0.022197118,8.289716,0.081652164
2023-02-13,0.286904,8.304546,308.4251,18.608091,-0.006414681,0.021250032,0.022197118,8.2913475,0.081652164
2023-02-14,0.28276345,8.235038,309.53073,18.605734,-0.006414681,0.021250032,0.022197118,8.289925,0.081652164
2023-02-15,0.28390086,8.182337,309.87704,18.610077,-0.006414681,0.021250032,0.022197118,8.291292,0.081652164
2023-02-16,0.28333277,8.123029,311.03177,18.611713,-0.006414681,0.021250032,0.022197118,8.288197,0.081652164
2023-02-17,0.28129473,8.077129,312.4163,18.60769,-0.006414681,0.021250032,0.022197118,8.285533,0.081652164
2023-02-18,0.28261176,8.096319,313.64047,18.60116,-0.006414681,0.021250032,0.022197118,8.283491,0.081652164
2023-02-19,0.28766754,8.135053,314.80298,18.593771,-0.006414681,0.021250032,0.022197118,8.281138,0.081652164
2023-02-20,0.2914466,8.139289,315.4746,18.594576,-0.006414681,0.021250032,0.022197118,8.284946,0.081652164
2023-02-21,0.29152042,8.131791,315.5893,18.600794,-0.006414681,0.021250032,0.022197118,8.284902,0.081652164
2023-02-22,0.29225814,8.198242,316.633,18.600668,-0.006414681,0.021250032,0.022197118,8.279682,0.081652164
2023-02-23,0.2919791,8.153841,317.18777,18.596252,-0.006414681,0.021250032,0.022197118,8.281487,0.081652164
2023-02-24,0.28963318,8.110583,317.7686,18.593685,-0.006414681,0.021250032,0.022197118,8.283824,0.081652164
2023-02-25,0.2877604,8.154551,318.97186,18.590878,-0.006414681,0.021250032,0.022197118,8.282742,0.081652164
2023-02-26,0.2878968,8.1949215,319.8889,18.594551,-0.006414681,0.021250032,0.022197118,8.280189,0.081652164
2023-02-27,0.2897574,8.228471,320.9495,18.587748,-0.006414681,0.021250032,0.022197118,8.276835,0.081652164
2023-02-28,0.29130155,8.24842,321.8033,18.573332,-0.006414681,0.021250032,0.022197118,8.277074,0.081652164
2023-03-01,0.28967395,8.225215,322.40002,18.564363,-0.006414681,0.021250032,0.022197118,8.276836,0.081652164
2023-03-02,0.28702658,8.183473,323.04245,18.553482,-0.006414681,0.021250032,0.022197118,8.277818,0.081652164
2023-03-03,0.28483847,8.193706,323.7134,18.54501,-0.006414681,0.021250032,0.022197118,8.2751875,0.081652164
2023-03-04,0.28438175,8.208011,324.66318,18.5348,-0.006414681,0.021250032,0.022197118,8.273948,0.081652164
2023-03-05,0.2849974,8.283356,325.2953,18.52797,-0.006414681,0.021250032,0.022197118,8.275505,0.081652164
2023-03-06,0.2904859,8.337543,325.24976,18.514877,-0.006414681,0.021250032,0.022197118,8.276157,0.081652164
2023-03-07,0.29113942,8.3765955,325.6629,18.516056,-0.006414681,0.021250032,0.022197118,8.274431,0.081652164
2023-03-08,0.2923341,8.539465,326.20996,18.501663,-0.006414681,0.021250032,0.022197118,8.270298,0.081652164
2023-03-09,0.29393777,8.6576605,326.59167,18.492758,-0.006414681,0.021250032,0.022197118,8.268234,0.081652164
2023-03-10,0.29558873,8.724871,326.5745,18.483768,-0.006414681,0.021250032,0.022197118,8.269102,0.081652164
2023-03-11,0.3000768,8.741849,326.0512,18.488476,-0.006414681,0.021250032,0.022197118,8.275224,0.081652164
2023-03-12,0.30405286,8.755522,325.4554,18.495796,-0.006414681,0.021250032,0.022197118,8.2778,0.081652164
2023-03-13,0.3062414,8.699766,325.13803,18.497934,-0.006414681,0.021250032,0.022197118,8.276459,0.081652164
2023-03-14,0.30708236,8.740249,325.4034,18.503887,-0.006414681,0.021250032,0.022197118,8.272944,0.081652164
2023-03-15,0.30711445,8.768642,325.89117,18.493547,-0.006414681,0.021250032,0.022197118,8.270441,0.081652164
2023-03-16,0.30863056,8.859159,326.16858,18.478752,-0.006414681,0.021250032,0.022197118,8.265811,0.081652164
2023-03-17,0.30810252,8.844919,325.80984,18.479998,-0.006414681,0.021250032,0.022197118,8.271998,0.081652164
2023-03-18,0.3085066,8.872263,325.69937,18.473097,-0.006414681,0.021250032,0.022197118,8.27153,0.081652164
2023-03-19,0.30742493,8.867666,325.70944,18.472105,-0.006414681,0.021250032,0.022197118,8.272317,0.081652164
2023-03-20,0.30702895,8.875388,325.71008,18.471575,-0.006414681,0.021250032,0.022197118,8.269278,0.081652164
2023-03-21,0.30790538,8.93597,325.9998,18.46519,-0.006414681,0.021250032,0.022197118,8.2629595,0.081652164
2023-03-22,0.30852652,9.011655,326.45486,18.451609,-0.006414681,0.021250032,0.022197118,8.260881,0.081652164
2023-03-23,0.30985478,9.125588,326.8636,18.438093,-0.006414681,0.021250032,0.022197118,8.257659,0.081652164
2023-03-24,0.31082425,9.231828,327.16617,18.428558,-0.006414681,0.021250032,0.022197118,8.254896,0.081652164
2023-03-25,0.31146482,9.252346,327.07474,18.428764,-0.006414681,0.021250032,0.022197118,8.261024,0.081652164
2023-03-26,0.3132091,9.319098,326.74146,18.427673,-0.006414681,0.021250032,0.022197118,8.261828,0.081652164
2023-03-27,0.31563446,9.385999,326.39612,18.431835,-0.006414681,0.021250032,0.022197118,8.263307,0.081652164
2023-03-28,0.31825608,9.294538,325.2191,18.464561,-0.006414681,0.021250032,0.022197118,8.273283,0.081652164
2023-03-29,0.3201482,9.163145,324.13037,18.471209,-0.006414681,0.021250032,0.022197118,8.278008,0.081652164
2023-03-30,0.3212666,9.046123,323.9787,18.467495,-0.006414681,0.021250032,0.022197118,8.278025,0.081652164
2023-03-31,0.31988594,9.0318775,324.26633,18.461168,-0.006414681,0.021250032,0.022197118,8.276071,0.081652164
2023-04-01,0.32132563,9.103859,324.51392,18.454987,-0.006414681,0.021250032,0.022197118,8.273244,0.081652164
2023-04-02,0.3241375,9.223642,324.39886,18.450615,-0.006414681,0.021250032,0.022197118,8.268972,0.081652164
2023-04-03,0.32606053,9.372543,324.42447,18.44752,-0.006414681,0.021250032,0.022197118,8.263618,0.081652164
2023-04-04,0.3266331,9.372684,324.32172,18.456053,-0.006414681,0.021250032,0.022197118,8.269973,0.081652164
2023-04-05,0.32631928,9.452035,323.9809,18.454533,-0.006414681,0.021250032,0.022197118,8.271082,0.081652164
2023-04-06,0.32668108,9.482878,323.55435,18.447067,-0.006414681,0.021250032,0.022197118,8.269451,0.081652164
2023-04-07,0.32850635,9.570817,323.80182,18.432436,-0.006414681,0.021250032,0.022197118,8.262717,0.081652164
2023-04-08,0.33002767,9.756793,323.91656,18.42242,-0.006414681,0.021250032,0.022197118,8.257034,0.081652164
2023-04-09,0.33048457,9.916972,323.96655,18.417116,-0.006414681,0.021250032,0.022197118,8.254024,0.081652164
2023-04-10,0.33051094,9.896603,323.7886,18.417675,-0.006414681,0.021250032,0.022197118,8.259102,0.081652164
2023-04-11,0.33537504,9.899544,322.58542,18.42612,-0.006414681,0.021250032,0.022197118,8.265555,0.081652164
2023-04-12,0.3365874,10.018354,322.12134,18.414621,-0.006414681,0.021250032,0.022197118,8.261042,0.081652164
2023-04-13,0.33911416,10.187491,322.0795,18.405556,-0.006414681,0.021250032,0.022197118,8.256607,0.081652164
2023-04-14,0.3392848,10.433552,321.84177,18.395445,-0.006414681,0.021250032,0.022197118,8.250161,0.081652164
2023-04-15,0.34101364,10.66699,321.40198,18.390984,-0.006414681,0.021250032,0.022197118,8.246667,0.081652164
2023-04-16,0.34165055,10.787366,320.76346,18.394741,-0.006414681,0.021250032,0.022197118,8.246527,0.081652164
2023-04-17,0.34183386,10.931974,319.79034,18.410776,-0.006414681,0.021250032,0.022197118,8.249066,0.081652164
2023-04-18,0.34046662,11.136791,319.0565,18.407915,-0.006414681,0.021250032,0.022197118,8.243733,0.081652164
2023-04-19,0.34018803,11.375438,318.41248,18.405483,-0.006414681,0.021250032,0.022197118,8.236115,0.081652164
2023-04-20,0.3418437,11.39152,317.76822,18.391275,-0.006414681,0.021250032,0.022197118,8.236385,0.081652164
2023-04-21,0.34478298,11.461408,317.1072,18.384907,-0.006414681,0.021250032,0.022197118,8.238543,0.081652164
2023-04-22,0.34542894,11.583767,316.59302,18.381483,-0.006414681,0.021250032,0.022197118,8.237027,0.081652164
2023-04-23,0.34613582,12.021425,316.20148,18.366539,-0.006414681,0.021250032,0.022197118,8.222105,0.081652164
2023-04-24,0.3473478,12.198339,315.67905,18.35143,-0.006414681,0.021250032,0.022197118,8.219912,0.081652164
2023-04-25,0.3481436,12.222391,315.07248,18.350021,-0.006414681,0.021250032,0.022197118,8.226532,0.081652164
2023-04-26,0.3486399,12.349458,314.00592,18.344929,-0.006414681,0.021250032,0.022197118,8.224212,0.081652164
2023-04-27,0.34877813,12.3566065,313.0152,18.363033,-0.006414681,0.021250032,0.022197118,8.231431,0.081652164
2023-04-28,0.3509566,12.213481,312.32382,18.371803,-0.006414681,0.021250032,0.022197118,8.240291,0.081652164
2023-04-29,0.3541063,12.167075,311.3555,18.368608,-0.006414681,0.021250032,0.022197118,8.240862,0.081652164
2023-04-30,0.3564135,12.198261,310.88675,18.36065,-0.006414681,0.021250032,0.022197118,8.237942,0.081652164
2023-05-01,0.35577545,12.324503,310.7638,18.36208,-0.006414681,0.021250032,0.022197118,8.230857,0.081652164
2023-05-02,0.35537487,12.602608,310.4842,18.360727,-0.006414681,0.021250032,0.022197118,8.225171,0.081652164
2023-05-03,0.3553647,12.7737665,310.12888,18.35469,-0.006414681,0.021250032,0.022197118,8.221964,0.081652164
2023-05-04,0.3548436,12.868715,309.495,18.352814,-0.006414681,0.021250032,0.022197118,8.222284,0.081652164
2023-05-05,0.35445097,13.1099615,308.5135,18.346853,-0.006414681,0.021250032,0.022197118,8.214617,0.081652164
2023-05-06,0.35383657,13.124978,307.75558,18.350983,-0.006414681,0.021250032,0.022197118,8.221311,0.081652164
2023-05-07,0.3528092,13.12162,306.7173,18.359697,-0.006414681,0.021250032,0.022197118,8.225092,0.081652164
2023-05-08,0.35284576,13.202638,305.83948,18.361534,-0.006414681,0.021250032,0.022197118,8.22289,0.081652164
2023-05-09,0.3519235,13.290121,305.13843,18.369087,-0.006414681,0.021250032,0.022197118,8.222213,0.081652164
2023-05-10,0.3494868,13.331809,304.65253,18.36589,-0.006414681,0.021250032,0.022197118,8.219555,0.081652164
2023-05-11,0.347264,13.477235,304.24194,18.366762,-0.006414681,0.021250032,0.022197118,8.2162285,0.081652164
2023-05-12,0.34498817,13.454612,303.8904,18.36838,-0.006414681,0.021250032,0.022197118,8.21986,0.081652164
2023-05-13,0.34598452,13.812013,303.1763,18.352177,-0.006414681,0.021250032,0.022197118,8.213496,0.081652164
2023-05-14,0.34746158,14.16119,302.42047,18.341364,-0.006414681,0.021250032,0.022197118,8.204769,0.081652164
2023-05-15,0.34839043,14.483048,301.5159,18.325136,-0.006414681,0.021250032,0.022197118,8.198407,0.081652164
2023-05-16,0.34840935,14.639,300.43958,18.322208,-0.006414681,0.021250032,0.022197118,8.198613,0.081652164
2023-05-17,0.3478633,14.772355,299.63797,18.334879,-0.006414681,0.021250032,0.022197118,8.20162,0.081652164
2023-05-18,0.3473139,14.913228,298.49567,18.350962,-0.006414681,0.021250032,0.022197118,8.206247,0.081652164
2023-05-19,0.34565863,15.102428,296.73215,18.359154,-0.006414681,0.021250032,0.022197118,8.203342,0.081652164
2023-05-20,0.34404573,15.254177,295.0192,18.362568,-0.006414681,0.021250032,0.022197118,8.200021,0.081652164
2023-05-21,0.34326252,15.515724,293.53015,18.361795,-0.006414681,0.021250032,0.022197118,8.194928,0.081652164
2023-05-22,0.34181264,15.847021,292.36874,18.357246,-0.006414681,0.021250032,0.022197118,8.19021,0.081652164
2023-05-23,0.34140915,16.307714,290.89334,18.346859,-0.006414681,0.021250032,0.022197118,8.181556,0.081652164
2023-05-24,0.3414425,16.863352,289.50916,18.331964,-0.006414681,0.021250032,0.022197118,8.167015,0.081652164
2023-05-25,0.3425633,17.327648,288.1419,18.309702,-0.006414681,0.021250032,0.022197118,8.154625,0.081652164
2023-05-26,0.34336552,17.914091,286.65356,18.311735,-0.006414681,0.021250032,0.022197118,8.151271,0.081652164
2023-05-27,0.34381205,18.315262,285.18295,18.314793,-0.006414681,0.021250032,0.022197118,8.14835,0.081652164
2023-05-28,0.34444934,18.01046,284.78326,18.319506,-0.006414681,0.021250032,0.022197118,8.163522,0.081652164
2023-05-29,0.34676826,18.235823,283.19727,18.315147,-0.006414681,0.021250032,0.022197118,8.167341,0.081652164
2023-05-30,0.34828845,18.526865,281.1911,18.307554,-0.006414681,0.021250032,0.022197118,8.162979,0.081652164
2023-05-31,0.34962863,18.664486,279.91702,18.298817,-0.006414681,0.021250032,0.022197118,8.160752,0.081652164
2023-06-01,0.3500060679310345,18.856388344827586,278.25595,18.297543862068967,-0.006414681,0.021250032,0.022197118,8.152483,0.081652164
2023-06-02,0.35038350586206896,19.048290689655172,278.25595,18.29627072413793,-0.006414681,0.021250032,0.022197118,8.141532,0.081652164
2023-06-03,0.35076094379310346,19.240193034482758,278.25595,18.294997586206897,-0.006414681,0.021250032,0.022197118,8.150592,0.081652164
2023-06-04,0.3511383817241379,19.432095379310343,278.25595,18.29372444827586,-0.006414681,0.021250032,0.022197118,8.170745,0.081652164
2023-06-05,0.3515158196551724,19.623997724137933,278.25595,18.292451310344827,-0.006414681,0.021250032,0.022197118,8.17039,0.081652164
2023-06-06,0.3518932575862069,19.81590006896552,278.25595,18.291178172413794,-0.006414681,0.021250032,0.022197118,8.168259,0.081652164
2023-06-07,0.3522706955172414,20.007802413793105,278.25595,18.289905034482757,-0.006414681,0.021250032,0.022197118,8.164282,0.081652164
2023-06-08,0.35264813344827584,20.19970475862069,278.25595,18.288631896551724,-0.006414681,0.021250032,0.022197118,8.159069,0.081652164
2023-06-09,0.35302557137931034,20.391607103448276,278.25595,18.28735875862069,-0.006414681,0.021250032,0.022197118,8.155037,0.081652164
2023-06-10,0.35340300931034485,20.583509448275862,278.25595,18.286085620689654,-0.006414681,0.021250032,0.022197118,8.150473,0.081652164
2023-06-11,0.3537804472413793,20.775411793103448,278.25595,18.28481248275862,-0.006414681,0.021250032,0.022197118,8.151324,0.081652164
2023-06-12,0.3541578851724138,20.967314137931034,278.25595,18.283539344827584,-0.006414681,0.021250032,0.022197118,8.155991,0.081652164
2023-06-13,0.35453532310344826,21.15921648275862,278.25595,18.28226620689655,-0.006414681,0.021250032,0.022197118,8.156085,0.081652164
2023-06-14,0.35491276103448277,21.351118827586205,278.25595,18.28099306896552,-0.006414681,0.021250032,0.022197118,8.153264,0.081652164
2023-06-15,0.3552901989655172,21.543021172413795,278.25595,18.27971993103448,-0.006414681,0.021250032,0.022197118,8.144821,0.081652164
2023-06-16,0.35566763689655173,21.73492351724138,278.25595,18.27844679310345,-0.006414681,0.021250032,0.022197118,8.13615,0.081652164
2023-06-17,0.3560450748275862,21.926825862068966,278.25595,18.277173655172415,-0.006414681,0.021250032,0.022197118,8.136918,0.081652164
2023-06-18,0.3564225127586207,22.118728206896552,278.25595,18.27590051724138,-0.006414681,0.021250032,0.022197118,8.137323,0.081652164
2023-06-19,0.35679995068965514,22.310630551724138,278.25595,18.274627379310346,-0.006414681,0.021250032,0.022197118,8.135805,0.081652164
2023-06-20,0.35717738862068965,22.502532896551724,278.25595,18.27335424137931,-0.006414681,0.021250032,0.022197118,8.139493,0.081652164
2023-06-21,0.35755482655172416,22.69443524137931,278.25595,18.272081103448276,-0.006414681,0.021250032,0.022197118,8.128085,0.081652164
2023-06-22,0.3579322644827586,22.886337586206896,278.25595,18.270807965517243,-0.006414681,0.021250032,0.022197118,8.124145,0.081652164
2023-06-23,0.3583097024137931,23.07823993103448,278.25595,18.269534827586206,-0.006414681,0.021250032,0.022197118,8.127539,0.081652164
2023-06-24,0.35868714034482757,23.27014227586207,278.25595,18.268261689655173,-0.006414681,0.021250032,0.022197118,8.128502,0.081652164
2023-06-25,0.3590645782758621,23.462044620689657,278.25595,18.26698855172414,-0.006414681,0.021250032,0.022197118,8.127376,0.081652164
2023-06-26,0.35944201620689653,23.653946965517243,278.25595,18.265715413793103,-0.006414681,0.021250032,0.022197118,8.128476,0.081652164
2023-06-27,0.35981945413793104,23.84584931034483,278.25595,18.26444227586207,-0.006414681,0.021250032,0.022197118,8.129585,0.081652164
2023-06-28,0.3601968920689655,24.037751655172414,278.25595,18.263169137931033,-0.006414681,0.021250032,0.022197118,8.127573,0.081652164
2023-06-29,0.36057433,24.229654,278.25595,18.261896,-0.006414681,0.021250032,0.022197118,8.133266,0.081652164
2023-06-30,0.361659265,24.109487,278.25595,18.2611495,-0.006414681,0.021250032,0.022197118,8.139955,0.081652164
2023-07-01,0.3627442,23.98932,278.25595,18.260403,-0.006414681,0.021250032,0.022197118,8.137848,0.081652164
2023-07-02,0.364532435,24.21996,278.25595,18.2508805,-0.006414681,0.021250032,0.022197118,8.138459,0.081652164
2023-07-03,0.36632067,24.4506,278.25595,18.241358,-0.006414681,0.021250032,0.022197118,8.133303,0.081652164
2023-07-04,0.36751662,24.855709,278.25595,18.2360755,-0.006414681,0.021250032,0.022197118,8.128386,0.081652164
2023-07-05,0.36871257,25.260818,278.25595,18.230793,-0.006414681,0.021250032,0.022197118,8.125062,0.081652164
2023-07-06,0.369682995,25.550790499999998,278.25595,18.242098,-0.006414681,0.021250032,0.022197118,8.121692,0.081652164
2023-07-07,0.37065342,25.840763,278.25595,18.253403,-0.006414681,0.021250032,0.022197118,8.124463,0.081652164
2023-07-08,0.37522675,25.2759925,278.25595,18.2681465,-0.006414681,0.021250032,0.022197118,8.135738,0.081652164
2023-07-09,0.37980008,24.711222,278.25595,18.28289,-0.006414681,0.021250032,0.022197118,8.149729,0.081652164
2023-07-10,0.38485643,24.294100999999998,278.25595,18.27565,-0.006414681,0.021250032,0.022197118,8.15686,0.081652164
2023-07-11,0.38991278,23.87698,278.25595,18.26841,-0.006414681,0.021250032,0.022197118,8.157035,0.081652164
2023-07-12,0.39065829,24.110628,278.25595,18.2622,-0.006414681,0.021250032,0.022197118,8.154138,0.081652164
2023-07-13,0.3914038,24.344276,278.25595,18.25599,-0.006414681,0.021250032,0.022197118,8.148378,0.081652164
2023-07-14,0.39249909000000005,24.512635,278.25595,18.249308,-0.006414681,0.021250032,0.022197118,8.145892,0.081652164
2023-07-15,0.39359438,24.680994,278.25595,18.242626,-0.006414681,0.021250032,0.022197118,8.146772,0.081652164
2023-07-16,0.39384077500000003,24.8498765,278.25595,18.2395055,-0.006414681,0.021250032,0.022197118,8.143694,0.081652164
2023-07-17,0.39408717,25.018759,278.25595,18.236385,-0.006414681,0.021250032,0.022197118,8.140621,0.081652164
2023-07-18,0.393007585,25.224062,278.25595,18.23666,-0.006414681,0.021250032,0.022197118,8.139074,0.081652164
2023-07-19,0.391928,25.429365,278.25595,18.236935,-0.006414681,0.021250032,0.022197118,8.137627,0.081652164
2023-07-20,0.392416,25.6140185,278.25595,18.2319385,-0.006414681,0.021250032,0.022197118,8.139825,0.081652164
2023-07-21,0.392904,25.798672,278.25595,18.226942,-0.006414681,0.021250032,0.022197118,8.1382475,0.081652164
2023-07-22,0.39312286,26.015363999999998,278.25595,18.231023,-0.006414681,0.021250032,0.022197118,8.134657,0.081652164
2023-07-23,0.39334172,26.232056,278.25595,18.235104,-0.006414681,0.021250032,0.022197118,8.134878,0.081652164
2023-07-24,0.39182041,26.055602,278.25595,18.2417595,-0.006414681,0.021250032,0.022197118,8.14052,0.081652164
2023-07-25,0.3902991,25.879148,278.25595,18.248415,-0.006414681,0.021250032,0.022197118,8.143981,0.081652164
2023-07-26,0.39080846999999996,25.839289,278.25595,18.2577715,-0.006414681,0.021250032,0.022197118,8.146992,0.081652164
2023-07-27,0.39131784,25.79943,278.25595,18.267128,-0.006414681,0.021250032,0.022197118,8.147933,0.081652164
2023-07-28,0.39165794499999995,25.3028255,278.25595,18.269178500000002,-0.006414681,0.021250032,0.022197118,8.161676,0.081652164
2023-07-29,0.39199805,24.806221,278.25595,18.271229,-0.006414681,0.021250032,0.022197118,8.158831,0.081652164
2023-07-30,0.392638905,24.888119500000002,278.25595,18.2575295,-0.006414681,0.021250032,0.022197118,8.157513,0.081652164
2023-07-31,0.39327976,24.970018,278.25595,18.24383,-0.006414681,0.021250032,0.022197118,8.154473,0.081652164
2023-08-01,0.393836095,25.216130999999997,278.25595,18.2363435,-0.006414681,0.021250032,0.022197118,8.149633,0.081652164
2023-08-02,0.39439243,25.462244,278.25595,18.228857,-0.006414681,0.021250032,0.022197118,8.145191,0.081652164
2023-08-03,0.395235255,25.72672,278.25595,18.220706,-0.006414681,0.021250032,0.022197118,8.141168,0.081652164
2023-08-04,0.39607808,25.991196,278.25595,18.212555,-0.006414681,0.021250032,0.022197118,8.141473,0.081652164
2023-08-05,0.39548096,26.151632999999997,278.25595,18.216672,-0.006414681,0.021250032,0.022197118,8.145998,0.081652164
2023-08-06,0.39488384,26.31207,278.25595,18.220789,-0.006414681,0.021250032,0.022197118,8.14243,0.081652164
2023-08-07,0.39355885999999995,26.339167,278.25595,18.222801,-0.006414681,0.021250032,0.022197118,8.145089,0.081652164
2023-08-08,0.39223388,26.366264,278.25595,18.224813,-0.006414681,0.021250032,0.022197118,8.145527,0.081652164
2023-08-09,0.389238105,26.234306,278.25595,18.235419,-0.006414681,0.021250032,0.022197118,8.151657,0.081652164
2023-08-10,0.38624233,26.102348,278.25595,18.246025,-0.006414681,0.021250032,0.022197118,8.152161,0.081652164
2023-08-11,0.38516018,26.0226115,278.25595,18.2518845,-0.006414681,0.021250032,0.022197118,8.15465,0.081652164
2023-08-12,0.38407803,25.942875,278.25595,18.257744,-0.006414681,0.021250032,0.022197118,8.156418,0.081652164
2023-08-13,0.381776095,25.898269499999998,278.25595,18.267310000000002,-0.006414681,0.021250032,0.022197118,8.156156,0.081652164
2023-08-14,0.37947416,25.853664,278.25595,18.276876,-0.006414681,0.021250032,0.022197118,8.156601,0.081652164
2023-08-15,0.37622997999999996,25.815461999999997,278.25595,18.297389000000003,-0.006414681,0.021250032,0.022197118,8.159118,0.081652164
2023-08-16,0.3729858,25.77726,278.25595,18.317902,-0.006414681,0.021250032,0.022197118,8.159931,0.081652164
2023-08-17,0.37035642,25.8741695,278.25595,18.3257275,-0.006414681,0.021250032,0.022197118,8.159662,0.081652164
2023-08-18,0.36772704,25.971079,278.25595,18.333553,-0.006414681,0.021250032,0.022197118,8.160017,0.081652164
2023-08-19,0.36518417000000003,26.20123,278.25595,18.330966,-0.006414681,0.021250032,0.022197118,8.158745,0.081652164
2023-08-20,0.3626413,26.431381,278.25595,18.328379,-0.006414681,0.021250032,0.022197118,8.154642,0.081652164
2023-08-21,0.3622399,26.6665125,278.25595,18.3256225,-0.006414681,0.021250032,0.022197118,8.152394,0.081652164
2023-08-22,0.3618385,26.901644,278.25595,18.322866,-0.006414681,0.021250032,0.022197118,8.149162,0.081652164
2023-08-23,0.3609323,26.883544,278.25595,18.306971500000003,-0.006414681,0.021250032,0.022197118,8.147781,0.081652164
2023-08-24,0.3600261,26.865444,278.25595,18.291077,-0.006414681,0.021250032,0.022197118,8.149436,0.081652164
2023-08-25,0.35832390000000003,26.720886,278.25595,18.280883000000003,-0.006414681,0.021250032,0.022197118,8.150537,0.081652164
2023-08-26,0.3566217,26.576328,278.25595,18.270689,-0.006414681,0.021250032,0.022197118,8.154713,0.081652164
2023-08-27,0.355370975,26.527644000000002,278.25595,18.2758245,-0.006414681,0.021250032,0.022197118,8.157385,0.081652164
2023-08-28,0.35412025,26.47896,278.25595,18.28096,-0.006414681,0.021250032,0.022197118,8.157237,0.081652164
2023-08-29,0.35485397500000004,26.512327,278.25595,18.288041,-0.006414681,0.021250032,0.022197118,8.156759,0.081652164
2023-08-30,0.3555877,26.545694,278.25595,18.295122,-0.006414681,0.021250032,0.022197118,8.161016,0.081652164
2023-08-31,0.35550632000000004,26.6899555,278.25595,18.297002499999998,-0.006414681,0.021250032,0.022197118,8.1543045,0.081652164
2023-09-01,0.35542494,26.834217,278.25595,18.298883,-0.006414681,0.021250032,0.022197118,8.157857,0.081652164
2023-09-02,0.35305532,26.622781,278.25595,18.315027,-0.006414681,0.021250032,0.022197118,8.162238,0.081652164
2023-09-03,0.3506857,26.411345,278.25595,18.331171,-0.006414681,0.021250032,0.022197118,8.166037,0.081652164
2023-09-04,0.3483137,26.218390499999998,278.25595,18.348243500000002,-0.006414681,0.021250032,0.022197118,8.170298,0.081652164
2023-09-05,0.3459417,26.025436,278.25595,18.365316,-0.006414681,0.021250032,0.022197118,8.173217,0.081652164
2023-09-06,0.34010212500000003,25.8331555,278.25595,18.376809,-0.006414681,0.021250032,0.022197118,8.17625,0.081652164
2023-09-07,0.33426255,25.640875,278.25595,18.388302,-0.006414681,0.021250032,0.022197118,8.178798,0.081652164
2023-09-08,0.32736587500000003,25.236622,278.25595,18.3951645,-0.006414681,0.021250032,0.022197118,8.184292,0.081652164
2023-09-09,0.3204692,24.832369,278.25595,18.402027,-0.006414681,0.021250032,0.022197118,8.18925,0.081652164
2023-09-10,0.313702615,24.4120645,278.25595,18.414226499999998,-0.006414681,0.021250032,0.022197118,8.196516,0.081652164
2023-09-11,0.30693603,23.99176,278.25595,18.426426,-0.006414681,0.021250032,0.022197118,8.199714,0.081652164
2023-09-12,0.30531245500000004,23.902622,278.25595,18.42595,-0.006414681,0.021250032,0.022197118,8.199244,0.081652164
2023-09-13,0.30368888,23.813484,278.25595,18.425474,-0.006414681,0.021250032,0.022197118,8.199474,0.081652164
2023-09-14,0.303961425,23.788598999999998,278.25595,18.4251925,-0.006414681,0.021250032,0.022197118,8.2010355,0.081652164
2023-09-15,0.30423397,23.763714,278.25595,18.424911,-0.006414681,0.021250032,0.022197118,8.2014,0.081652164
2023-09-16,0.30276511500000003,23.6051715,278.25595,18.438175,-0.006414681,0.021250032,0.022197118,8.204169,0.081652164
2023-09-17,0.30129626,23.446629,278.25595,18.451439,-0.006414681,0.021250032,0.022197118,8.207332,0.081652164
2023-09-18,0.297739755,23.251842,278.25595,18.45656,-0.006414681,0.021250032,0.022197118,8.209816,0.081652164
2023-09-19,0.29418325,23.057055,278.25595,18.461681,-0.006414681,0.021250032,0.022197118,8.209321,0.081652164
2023-09-20,0.293996375,23.123109,278.25595,18.4516475,-0.006414681,0.021250032,0.022197118,8.205861,0.081652164
2023-09-21,0.2938095,23.189163,278.25595,18.441614,-0.006414681,0.021250032,0.022197118,8.202582,0.081652164
2023-09-22,0.29503395,23.239885,278.25595,18.438172,-0.006414681,0.021250032,0.022197118,8.204073,0.081652164
2023-09-23,0.2962584,23.290607,278.25595,18.43473,-0.006414681,0.021250032,0.022197118,8.204336,0.081652164
2023-09-24,0.296997225,23.284862500000003,278.25595,18.4409865,-0.006414681,0.021250032,0.022197118,8.205165,0.081652164
2023-09-25,0.29773605,23.279118,278.25595,18.447243,-0.006414681,0.021250032,0.022197118,8.208832,0.081652164
2023-09-26,0.29387814,23.1308425,278.25595,18.457496499999998,-0.006414681,0.021250032,0.022197118,8.211347,0.081652164
2023-09-27,0.29002023,22.982567,278.25595,18.46775,-0.006414681,0.021250032,0.022197118,8.21261,0.081652164
2023-09-28,0.286469775,22.96752,278.25595,18.4674625,-0.006414681,0.021250032,0.022197118,8.212017,0.081652164
2023-09-29,0.28291932,22.952473,278.25595,18.467175,-0.006414681,0.021250032,0.022197118,8.21161,0.081652164
2023-09-30,0.281821475,22.8832965,278.25595,18.4698195,-0.006414681,0.021250032,0.022197118,8.211371,0.081652164
2023-10-01,0.28072363,22.81412,278.25595,18.472464,-0.006414681,0.021250032,0.022197118,8.213645,0.081652164
2023-10-02,0.280384095,22.43629,278.25595,18.4762575,-0.006414681,0.021250032,0.022197118,8.218208,0.081652164
2023-10-03,0.28004456,22.05846,278.25595,18.480051,-0.006414681,0.021250032,0.022197118,8.221498,0.081652164
2023-10-04,0.27850998,21.909181500000003,278.25595,18.4829255,-0.006414681,0.021250032,0.022197118,8.22263,0.081652164
2023-10-05,0.2769754,21.759903,278.25595,18.4858,-0.006414681,0.021250032,0.022197118,8.224507,0.081652164
2023-10-06,0.276891965,21.648971500000002,278.25595,18.4810275,-0.006414681,0.021250032,0.022197118,8.226074,0.081652164
2023-10-07,0.27680853,21.53804,278.25595,18.476255,-0.006414681,0.021250032,0.022197118,8.22821,0.081652164
2023-10-08,0.275958715,21.215514,278.25595,18.4789055,-0.006414681,0.021250032,0.022197118,8.231154,0.081652164
2023-10-09,0.2751089,20.892988,278.25595,18.481556,-0.006414681,0.021250032,0.022197118,8.236403,0.081652164
2023-10-10,0.27243088,20.600896499999998,278.25595,18.480571,-0.006414681,0.021250032,0.022197118,8.23867,0.081652164
2023-10-11,0.26975286,20.308805,278.25595,18.479586,-0.006414681,0.021250032,0.022197118,8.242407,0.081652164
2023-10-12,0.2661245,20.1429975,278.25595,18.480819,-0.006414681,0.021250032,0.022197118,8.245555,0.081652164
2023-10-13,0.26249614,19.97719,278.25595,18.482052,-0.006414681,0.021250032,0.022197118,8.2443495,0.081652164
2023-10-14,0.26257363,19.942795,278.25595,18.483735,-0.006414681,0.021250032,0.022197118,8.244969,0.081652164
2023-10-15,0.26265112,19.9084,278.25595,18.485418,-0.006414681,0.021250032,0.022197118,8.245284,0.081652164
2023-10-16,0.26110873,19.598384,278.25595,18.496214000000002,-0.006414681,0.021250032,0.022197118,8.250572,0.081652164
2023-10-17,0.25956634,19.288368,278.25595,18.50701,-0.006414681,0.021250032,0.022197118,8.252935,0.081652164
2023-10-18,0.25911656,19.071826,278.25595,18.502899499999998,-0.006414681,0.021250032,0.022197118,8.255118,0.081652164
2023-10-19,0.25866678,18.855284,278.25595,18.498789,-0.006414681,0.021250032,0.022197118,8.257886,0.081652164
2023-10-20,0.25983594,18.842512,278.25595,18.502815499999997,-0.006414681,0.021250032,0.022197118,8.259735,0.081652164
2023-10-21,0.2610051,18.82974,278.25595,18.506842,-0.006414681,0.021250032,0.022197118,8.25666,0.081652164
2023-10-22,0.26412174,18.902407500000002,278.25595,18.500394,-0.006414681,0.021250032,0.022197118,8.254653,0.081652164
2023-10-23,0.26723838,18.975075,278.25595,18.493946,-0.006414681,0.021250032,0.022197118,8.25355,0.081652164
2023-10-24,0.26927194,18.9390985,278.25595,18.4956505,-0.006414681,0.021250032,0.022197118,8.253765,0.081652164
2023-10-25,0.2713055,18.903122,278.25595,18.497355,-0.006414681,0.021250032,0.022197118,8.2572155,0.081652164
2023-10-26,0.27468335,18.8808005,278.25595,18.4985705,-0.006414681,0.021250032,0.022197118,8.256929,0.081652164
2023-10-27,0.2780612,18.858479,278.25595,18.499786,-0.006414681,0.021250032,0.022197118,8.25637,0.081652164
2023-10-28,0.28103635,18.8682615,278.25595,18.500522500000002,-0.006414681,0.021250032,0.022197118,8.256785,0.081652164
2023-10-29,0.2840115,18.878044,278.25595,18.501259,-0.006414681,0.021250032,0.022197118,8.252224,0.081652164
2023-10-30,0.28611929999999997,18.882252,278.25595,18.497884499999998,-0.006414681,0.021250032,0.022197118,8.252838,0.081652164
2023-10-31,0.2882271,18.88646,278.25595,18.49451,-0.006414681,0.021250032,0.022197118,8.253809,0.081652164
2023-11-01,0.29045765,18.809053499999997,278.25595,18.4927105,-0.006414681,0.021250032,0.022197118,8.254788,0.081652164
2023-11-02,0.2926882,18.731647,278.25595,18.490911,-0.006414681,0.021250032,0.022197118,8.254862,0.081652164
2023-11-03,0.29695836,18.6534745,278.25595,18.4907785,-0.006414681,0.021250032,0.022197118,8.256193,0.081652164
2023-11-04,0.30122852,18.575302,278.25595,18.490646,-0.006414681,0.021250032,0.022197118,8.257201,0.081652164
2023-11-05,0.30416323,18.4904945,278.25595,18.4887255,-0.006414681,0.021250032,0.022197118,8.25737,0.081652164
2023-11-06,0.30709794,18.405687,278.25595,18.486805,-0.006414681,0.021250032,0.022197118,8.25669,0.081652164
2023-11-07,0.309812335,18.3551775,278.25595,18.487808,-0.006414681,0.021250032,0.022197118,8.254802,0.081652164
2023-11-08,0.31252673,18.304668,278.25595,18.488811,-0.006414681,0.021250032,0.022197118,8.256788,0.081652164
2023-11-09,0.31462782499999997,18.153620500000002,278.25595,18.4907035,-0.006414681,0.021250032,0.022197118,8.259564,0.081652164
2023-11-10,0.31672892,18.002573,278.25595,18.492596,-0.006414681,0.021250032,0.022197118,8.261078,0.081652164
2023-11-11,0.31863196000000005,17.8370445,278.25595,18.496197,-0.006414681,0.021250032,0.022197118,8.2630825,0.081652164
2023-11-12,0.320535,17.671516,278.25595,18.499798,-0.006414681,0.021250032,0.022197118,8.264232,0.081652164
2023-11-13,0.326521335,17.4879395,278.25595,18.497981,-0.006414681,0.021250032,0.022197118,8.263595,0.081652164
2023-11-14,0.33250767,17.304363,278.25595,18.496164,-0.006414681,0.021250032,0.022197118,8.265176,0.081652164
2023-11-15,0.338435025,17.148666499999997,278.25595,18.489565499999998,-0.006414681,0.021250032,0.022197118,8.264627,0.081652164
2023-11-16,0.34436238,16.99297,278.25595,18.482967,-0.006414681,0.021250032,0.022197118,8.266488,0.081652164
2023-11-17,0.35138479,16.836061,278.25595,18.480700499999998,-0.006414681,0.021250032,0.022197118,8.269474,0.081652164
2023-11-18,0.3584072,16.679152,278.25595,18.478434,-0.006414681,0.021250032,0.022197118,8.271925,0.081652164
2023-11-19,0.363316285,16.2298915,278.25595,18.477621499999998,-0.006414681,0.021250032,0.022197118,8.272707,0.081652164
2023-11-20,0.36822537,15.780631,278.25595,18.476809,-0.006414681,0.021250032,0.022197118,8.274283,0.081652164
2023-11-21,0.36998534499999997,15.5494185,278.25595,18.4766325,-0.006414681,0.021250032,0.022197118,8.273597,0.081652164
2023-11-22,0.37174532,15.318206,278.25595,18.476456,-0.006414681,0.021250032,0.022197118,8.2762575,0.081652164
2023-11-23,0.37517597,15.082768,278.25595,18.479006,-0.006414681,0.021250032,0.022197118,8.278571,0.081652164
2023-11-24,0.37860662,14.84733,278.25595,18.481556,-0.006414681,0.021250032,0.022197118,8.279378,0.081652164
2023-11-25,0.38699523999999996,14.644168,278.25595,18.482895000000003,-0.006414681,0.021250032,0.022197118,8.278391,0.081652164
2023-11-26,0.39538386,14.441006,278.25595,18.484234,-0.006414681,0.021250032,0.022197118,8.277706,0.081652164
2023-11-27,0.39738008,13.9641185,278.25595,18.492625500000003,-0.006414681,0.021250032,0.022197118,8.27309,0.081652164
2023-11-28,0.3993763,13.487231,278.25595,18.501017,-0.006414681,0.021250032,0.022197118,8.274441,0.081652164
2023-11-29,0.40537737,13.340487,278.25595,18.5060895,-0.006414681,0.021250032,0.022197118,8.274731,0.081652164
2023-11-30,0.41137844,13.193743,278.25595,18.511162,-0.006414681,0.021250032,0.022197118,8.273929,0.081652164
2023-12-01,0.41198597000000003,13.165988500000001,278.25595,18.509389,-0.006414681,0.021250032,0.022197118,8.274189,0.081652164
2023-12-02,0.4125935,13.138234,278.25595,18.507616,-0.006414681,0.021250032,0.022197118,8.271139,0.081652164
2023-12-03,0.41468093500000003,13.069889,278.25595,18.507776,-0.006414681,0.021250032,0.022197118,8.270545,0.081652164
2023-12-04,0.41676837,13.001544,278.25595,18.507936,-0.006414681,0.021250032,0.022197118,8.272505,0.081652164
2023-12-05,0.41511429499999997,12.871547,278.25595,18.507642500000003,-0.006414681,0.021250032,0.022197118,8.272936,0.081652164
2023-12-06,0.41346022,12.74155,278.25595,18.507349,-0.006414681,0.021250032,0.022197118,8.276307,0.081652164
2023-12-07,0.41340401,12.6772585,278.25595,18.5048095,-0.006414681,0.021250032,0.022197118,8.278089,0.081652164
2023-12-08,0.4133478,12.612967,278.25595,18.50227,-0.006414681,0.021250032,0.022197118,8.2788105,0.081652164
2023-12-09,0.41361853,12.5178285,278.25595,18.5012115,-0.006414681,0.021250032,0.022197118,8.279559,0.081652164
2023-12-10,0.41388926,12.42269,278.25595,18.500153,-0.006414681,0.021250032,0.022197118,8.276155,0.081652164
2023-12-11,0.414103495,12.36286,278.25595,18.4984885,-0.006414681,0.021250032,0.022197118,8.273276,0.081652164
2023-12-12,0.41431773,12.30303,278.25595,18.496824,-0.006414681,0.021250032,0.022197118,8.272394,0.081652164
2023-12-13,0.416591665,12.249824,278.25595,18.5049515,-0.006414681,0.021250032,0.022197118,8.2747135,0.081652164
2023-12-14,0.4188656,12.196618,278.25595,18.513079,-0.006414681,0.021250032,0.022197118,8.278125,0.081652164
2023-12-15,0.41869524999999996,12.101357,278.25595,18.516993499999998,-0.006414681,0.021250032,0.022197118,8.279061,0.081652164
2023-12-16,0.4185249,12.006096,278.25595,18.520908,-0.006414681,0.021250032,0.022197118,8.278952,0.081652164
2023-12-17,0.417172125,11.8358595,278.25595,18.5143915,-0.006414681,0.021250032,0.022197118,8.278679,0.081652164
2023-12-18,0.41581935,11.665623,278.25595,18.507875,-0.006414681,0.021250032,0.022197118,8.277614,0.081652164
2023-12-19,0.41622623999999997,11.620031,278.25595,18.500484,-0.006414681,0.021250032,0.022197118,8.275848,0.081652164
2023-12-20,0.41663313,11.574439,278.25595,18.493093,-0.006414681,0.021250032,0.022197118,8.277189,0.081652164
2023-12-21,0.415581715,11.540097,278.25595,18.497186499999998,-0.006414681,0.021250032,0.022197118,8.278455,0.081652164
2023-12-22,0.4145303,11.505755,278.25595,18.50128,-0.006414681,0.021250032,0.022197118,8.27963,0.081652164
2023-12-23,0.4145303,11.505755,278.25595,18.50128,-0.006414681,0.021250032,0.022197118,8.279803,0.081652164
2023-12-24,0.4145303,11.505755,278.25595,18.50128,-0.006414681,0.021250032,0.022197118,8.279022,0.081652164
2023-12-25,0.4145303,11.505755,278.25595,18.50128,-0.006414681,0.021250032,0.022197118,8.2780905,0.081652164
2023-12-26,0.4145303,11.505755,278.25595,18.50128,-0.006414681,0.021250032,0.022197118,8.27614,0.081652164
2023-12-27,0.4145303,11.505755,278.25595,18.50128,-0.006414681,0.021250032,0.022197118,8.275232,0.081652164
2023-12-28,0.4145303,11.505755,278.25595,18.50128,-0.006414681,0.021250032,0.022197118,8.276809,0.081652164
2023-12-29,0.4145303,11.505755,278.25595,18.50128,-0.006414681,0.021250032,0.022197118,8.276046,0.081652164
2023-12-30,0.4145303,11.505755,278.25595,18.50128,-0.006414681,0.021250032,0.022197118,8.2734165,0.081652164
2023-12-31,0.4145303,11.505755,278.25595,18.50128,-0.006414681,0.021250032,0.022197118,8.273819,0.081652164
2024-01-01,0.4145303,11.505755,278.25595,18.50128,-0.006414681,0.021250032,0.022197118,8.285166,0.081652164
2024-01-02,0.4145303,11.505755,278.25595,18.50128,-0.006414681,0.021250032,0.022197118,8.28598,0.081652164
2024-01-03,0.4145303,11.505755,278.25595,18.50128,-0.006414681,0.021250032,0.022197118,8.287184,0.081652164
2024-01-04,0.4145303,11.505755,278.25595,18.50128,-0.006414681,0.021250032,0.022197118,8.287769,0.081652164
2024-01-05,0.4145303,11.505755,278.25595,18.50128,-0.006414681,0.021250032,0.022197118,8.286448,0.081652164
2024-01-06,0.4145303,11.505755,278.25595,18.50128,-0.006414681,0.021250032,0.022197118,8.285886,0.081652164
2024-01-07,0.4145303,11.505755,278.25595,18.50128,-0.006414681,0.021250032,0.022197118,8.285353,0.081652164
2024-01-08,0.4145303,11.505755,278.25595,18.50128,-0.006414681,0.021250032,0.022197118,8.284949,0.081652164
2024-01-09,0.4145303,11.505755,278.25595,18.50128,-0.006414681,0.021250032,0.022197118,8.285082,0.081652164
2024-01-10,0.4145303,11.505755,278.25595,18.50128,-0.006414681,0.021250032,0.022197118,8.285349,0.081652164
2024-01-11,0.4145303,11.505755,278.25595,18.50128,-0.006414681,0.021250032,0.022197118,8.285442,0.081652164
2024-01-12,0.4145303,11.505755,278.25595,18.50128,-0.006414681,0.021250032,0.022197118,8.28539,0.081652164
2024-01-13,0.4145303,11.505755,278.25595,18.50128,-0.006414681,0.021250032,0.022197118,8.285246,0.081652164
2024-01-14,0.4145303,11.505755,278.25595,18.50128,-0.006414681,0.021250032,0.022197118,8.284927,0.081652164
2024-01-15,0.4145303,11.505755,278.25595,18.50128,-0.006414681,0.021250032,0.022197118,8.285111,0.081652164
2024-01-16,0.4145303,11.505755,278.25595,18.50128,-0.006414681,0.021250032,0.022197118,8.2855425,0.081652164
2024-01-17,0.4145303,11.505755,278.25595,18.50128,-0.006414681,0.021250032,0.022197118,8.285517,0.081652164
2024-01-18,0.4145303,11.505755,278.25595,18.50128,-0.006414681,0.021250032,0.022197118,8.2855015,0.081652164
2024-01-19,0.4145303,11.505755,278.25595,18.50128,-0.006414681,0.021250032,0.022197118,8.285739,0.081652164
2024-01-20,0.4145303,11.505755,278.25595,18.50128,-0.006414681,0.021250032,0.022197118,8.286061,0.081652164
2024-01-21,0.4145303,11.505755,278.25595,18.50128,-0.006414681,0.021250032,0.022197118,8.286248,0.081652164
2024-01-22,0.4145303,11.505755,278.25595,18.50128,-0.006414681,0.021250032,0.022197118,8.285883,0.081652164
2024-01-23,0.4145303,11.505755,278.25595,18.50128,-0.006414681,0.021250032,0.022197118,8.285303,0.081652164
2024-01-24,0.4145303,11.505755,278.25595,18.50128,-0.006414681,0.021250032,0.022197118,8.284757,0.081652164
2024-01-25,0.4145303,11.505755,278.25595,18.50128,-0.006414681,0.021250032,0.022197118,8.284289,0.081652164
2024-01-26,0.4145303,11.505755,278.25595,18.50128,-0.006414681,0.021250032,0.022197118,8.284114,0.081652164
2024-01-27,0.4145303,11.505755,278.25595,18.50128,-0.006414681,0.021250032,0.022197118,8.28414,0.081652164
2024-01-28,0.4145303,11.505755,278.25595,18.50128,-0.006414681,0.021250032,0.022197118,8.284099,0.081652164
2024-01-29,0.4145303,11.505755,278.25595,18.50128,-0.006414681,0.021250032,0.022197118,8.284041,0.081652164
2024-01-30,0.4145303,11.505755,278.25595,18.50128,-0.006414681,0.021250032,0.022197118,8.283891,0.081652164
2024-01-31,0.4145303,11.505755,278.25595,18.50128,-0.006414681,0.021250032,0.022197118,8.283764,0.081652164
2024-02-01,0.4145303,11.505755,278.25595,18.50128,-0.006414681,0.021250032,0.022197118,8.2836275,0.081652164
2024-02-02,0.4145303,11.505755,278.25595,18.50128,-0.006414681,0.021250032,0.022197118,8.283366,0.081652164
2024-02-03,0.4145303,11.505755,278.25595,18.50128,-0.006414681,0.021250032,0.022197118,8.28296,0.081652164
2024-02-04,0.4145303,11.505755,278.25595,18.50128,-0.006414681,0.021250032,0.022197118,8.282424,0.081652164
2024-02-05,0.4145303,11.505755,278.25595,18.50128,-0.006414681,0.021250032,0.022197118,8.281777,0.081652164
2024-02-06,0.4145303,11.505755,278.25595,18.50128,-0.006414681,0.021250032,0.022197118,8.281232,0.081652164
2024-02-07,0.4145303,11.505755,278.25595,18.50128,-0.006414681,0.021250032,0.022197118,8.281008,0.081652164
2024-02-08,0.4145303,11.505755,278.25595,18.50128,-0.006414681,0.021250032,0.022197118,8.281025,0.081652164
2024-02-09,0.4145303,11.505755,278.25595,18.50128,-0.006414681,0.021250032,0.022197118,8.280895,0.081652164
2024-02-10,0.4145303,11.505755,278.25595,18.50128,-0.006414681,0.021250032,0.022197118,8.280637,0.081652164
2024-02-11,0.4145303,11.505755,278.25595,18.50128,-0.006414681,0.021250032,0.022197118,8.280529,0.081652164
2024-02-12,0.4145303,11.505755,278.25595,18.50128,-0.006414681,0.021250032,0.022197118,8.280426,0.081652164
2024-02-13,0.4145303,11.505755,278.25595,18.50128,-0.006414681,0.021250032,0.022197118,8.28009,0.081652164
2024-02-14,0.4145303,11.505755,278.25595,18.50128,-0.006414681,0.021250032,0.022197118,8.279434,0.081652164
2024-02-15,0.4145303,11.505755,278.25595,18.50128,-0.006414681,0.021250032,0.022197118,8.278602,0.081652164
2024-02-16,0.4145303,11.505755,278.25595,18.50128,-0.006414681,0.021250032,0.022197118,8.278003,0.081652164
2024-02-17,0.4145303,11.505755,278.25595,18.50128,-0.006414681,0.021250032,0.022197118,8.277576,0.081652164
2024-02-18,0.4145303,11.505755,278.25595,18.50128,-0.006414681,0.021250032,0.022197118,8.277163,0.081652164
2024-02-19,0.4145303,11.505755,278.25595,18.50128,-0.006414681,0.021250032,0.022197118,8.276665,0.081652164
2024-02-20,0.4145303,11.505755,278.25595,18.50128,-0.006414681,0.021250032,0.022197118,8.275793,0.081652164
2024-02-21,0.4145303,11.505755,278.25595,18.50128,-0.006414681,0.021250032,0.022197118,8.2748,0.081652164
2024-02-22,0.4145303,11.505755,278.25595,18.50128,-0.006414681,0.021250032,0.022197118,8.273857,0.081652164
2024-02-23,0.4145303,11.505755,278.25595,18.50128,-0.006414681,0.021250032,0.022197118,8.273125,0.081652164
2024-02-24,0.4145303,11.505755,278.25595,18.50128,-0.006414681,0.021250032,0.022197118,8.27215,0.081652164
2024-02-25,0.4145303,11.505755,278.25595,18.50128,-0.006414681,0.021250032,0.022197118,8.271058,0.081652164
2024-02-26,0.4145303,11.505755,278.25595,18.50128,-0.006414681,0.021250032,0.022197118,8.269985,0.081652164
2024-02-27,0.4145303,11.505755,278.25595,18.50128,-0.006414681,0.021250032,0.022197118,8.2688055,0.081652164
2024-02-28,0.4145303,11.505755,278.25595,18.50128,-0.006414681,0.021250032,0.022197118,8.26771,0.081652164
2024-02-29,0.4145303,11.505755,278.25595,18.50128,-0.006414681,0.021250032,0.022197118,8.26676,0.081652164
2024-03-01,0.4145303,11.505755,278.25595,18.50128,-0.006414681,0.021250032,0.022197118,8.2659855,0.081652164
2024-03-02,0.4145303,11.505755,278.25595,18.50128,-0.006414681,0.021250032,0.022197118,8.265344,0.081652164
2024-03-03,0.4145303,11.505755,278.25595,18.50128,-0.006414681,0.021250032,0.022197118,8.264645,0.081652164
2024-03-04,0.4145303,11.505755,278.25595,18.50128,-0.006414681,0.021250032,0.022197118,8.263775,0.081652164
2024-03-05,0.4145303,11.505755,278.25595,18.50128,-0.006414681,0.021250032,0.022197118,8.262864,0.081652164
2024-03-06,0.4145303,11.505755,278.25595,18.50128,-0.006414681,0.021250032,0.022197118,8.262052,0.081652164
2024-03-07,0.4145303,11.505755,278.25595,18.50128,-0.006414681,0.021250032,0.022197118,8.261411,0.081652164
2024-03-08,0.4145303,11.505755,278.25595,18.50128,-0.006414681,0.021250032,0.022197118,8.260649,0.081652164
2024-03-09,0.4145303,11.505755,278.25595,18.50128,-0.006414681,0.021250032,0.022197118,8.259635,0.081652164
2024-03-10,0.4145303,11.505755,278.25595,18.50128,-0.006414681,0.021250032,0.022197118,8.258445,0.081652164
2024-03-11,0.4145303,11.505755,278.25595,18.50128,-0.006414681,0.021250032,0.022197118,8.257399,0.081652164
2024-03-12,0.4145303,11.505755,278.25595,18.50128,-0.006414681,0.021250032,0.022197118,8.256718,0.081652164
2024-03-13,0.4145303,11.505755,278.25595,18.50128,-0.006414681,0.021250032,0.022197118,8.256415,0.081652164
2024-03-14,0.4145303,11.505755,278.25595,18.50128,-0.006414681,0.021250032,0.022197118,8.256149,0.081652164
2024-03-15,0.4145303,11.505755,278.25595,18.50128,-0.006414681,0.021250032,0.022197118,8.255654,0.081652164
2024-03-16,0.4145303,11.505755,278.25595,18.50128,-0.006414681,0.021250032,0.022197118,8.254807,0.081652164
2024-03-17,0.4145303,11.505755,278.25595,18.50128,-0.006414681,0.021250032,0.022197118,8.253677,0.081652164
2024-03-18,0.4145303,11.505755,278.25595,18.50128,-0.006414681,0.021250032,0.022197118,8.252516,0.081652164
2024-03-19,0.4145303,11.505755,278.25595,18.50128,-0.006414681,0.021250032,0.022197118,8.2515745,0.081652164
2024-03-20,0.4145303,11.505755,278.25595,18.50128,-0.006414681,0.021250032,0.022197118,8.250714,0.081652164
2024-03-21,0.4145303,11.505755,278.25595,18.50128,-0.006414681,0.021250032,0.022197118,8.249661,0.081652164
2024-03-22,0.4145303,11.505755,278.25595,18.50128,-0.006414681,0.021250032,0.022197118,8.24845,0.081652164
2024-03-23,0.4145303,11.505755,278.25595,18.50128,-0.006414681,0.021250032,0.022197118,8.247283,0.081652164
2024-03-24,0.4145303,11.505755,278.25595,18.50128,-0.006414681,0.021250032,0.022197118,8.246319,0.081652164
2024-03-25,0.4145303,11.505755,278.25595,18.50128,-0.006414681,0.021250032,0.022197118,8.245577,0.081652164
2024-03-26,0.4145303,11.505755,278.25595,18.50128,-0.006414681,0.021250032,0.022197118,8.24478,0.081652164
2024-03-27,0.4145303,11.505755,278.25595,18.50128,-0.006414681,0.021250032,0.022197118,8.243903,0.081652164
2024-03-28,0.4145303,11.505755,278.25595,18.50128,-0.006414681,0.021250032,0.022197118,8.243175,0.081652164
2024-03-29,0.4145303,11.505755,278.25595,18.50128,-0.006414681,0.021250032,0.022197118,8.242586,0.081652164
2024-03-30,0.4145303,11.505755,278.25595,18.50128,-0.006414681,0.021250032,0.022197118,8.241879,0.081652164
2024-03-31,0.4145303,11.505755,278.25595,18.50128,-0.006414681,0.021250032,0.022197118,8.241113,0.081652164
2024-04-01,0.4145303,11.505755,278.25595,18.50128,-0.006414681,0.021250032,0.022197118,8.240415,0.081652164
2024-04-02,0.4145303,11.505755,278.25595,18.50128,-0.006414681,0.021250032,0.022197118,8.239792,0.081652164
2024-04-03,0.4145303,11.505755,278.25595,18.50128,-0.006414681,0.021250032,0.022197118,8.239016,0.08128559
2024-04-04,0.4145303,11.505755,278.25595,18.50128,-0.006414681,0.021250032,0.022197118,8.2379875,0.0786473
2024-04-05,0.4145303,11.505755,278.25595,18.50128,-0.006414681,0.021250032,0.022197118,8.236948,0.07217778
2024-04-06,0.4145303,11.505755,278.25595,18.50128,-0.006414681,0.021250032,0.022197118,8.23612,0.06847042
2024-04-07,0.4145303,11.505755,278.25595,18.50128,-0.006414681,0.021250032,0.022197118,8.235508,0.068822965
2024-04-08,0.4145303,11.505755,278.25595,18.50128,-0.006414681,0.021250032,0.022197118,8.235156,0.07053588
2024-04-09,0.4145303,11.505755,278.25595,18.50128,-0.006414681,0.021250032,0.022197118,8.234773,0.069385715
2024-04-10,0.4145303,11.505755,278.25595,18.50128,-0.006414681,0.021250032,0.022197118,8.234173,0.06895593
2024-04-11,0.4145303,11.505755,278.25595,18.50128,-0.006414681,0.021250032,0.022197118,8.233553,0.06905931
2024-04-12,0.4145303,11.505755,278.25595,18.50128,-0.006414681,0.021250032,0.022197118,8.233038,0.07002353
2024-04-13,0.4145303,11.505755,278.25595,18.50128,-0.006414681,0.021250032,0.022197118,8.23249,0.07015311
2024-04-14,0.4145303,11.505755,278.25595,18.50128,-0.006414681,0.021250032,0.022197118,8.231852,0.07158081
2024-04-15,0.4145303,11.505755,278.25595,18.50128,-0.006414681,0.021250032,0.022197118,8.231149,0.076549314
2024-04-16,0.4145303,11.505755,278.25595,18.50128,-0.006414681,0.021250032,0.022197118,8.230429,0.079456545
2024-04-17,0.4145303,11.505755,278.25595,18.50128,-0.006414681,0.021250032,0.022197118,8.22973,0.08274284
2024-04-18,0.4145303,11.505755,278.25595,18.50128,-0.006414681,0.021250032,0.022197118,8.229212,0.08227427
2024-04-19,0.4145303,11.505755,278.25595,18.50128,-0.006414681,0.021250032,0.022197118,8.228691,0.079504944
2024-04-20,0.4145303,11.505755,278.25595,18.50128,-0.006414681,0.021250032,0.022197118,8.228113,0.07827621
2024-04-21,0.4145303,11.505755,278.25595,18.50128,-0.006414681,0.021250032,0.022197118,8.227438,0.07763165
2024-04-22,0.4145303,11.505755,278.25595,18.50128,-0.006414681,0.021250032,0.022197118,8.226582,0.07868909
2024-04-23,0.4145303,11.505755,278.25595,18.50128,-0.006414681,0.021250032,0.022197118,8.225671,0.07691179
2024-04-24,0.4145303,11.505755,278.25595,18.50128,-0.006414681,0.021250032,0.022197118,8.224886,0.077439465
2024-04-25,0.4145303,11.505755,278.25595,18.50128,-0.006414681,0.021250032,0.022197118,8.22429,0.07519036
2024-04-26,0.4145303,11.505755,278.25595,18.50128,0.0009321823,-0.027455734,0.027471555,8.223954,0.075639315
2024-04-27,0.4145303,11.505755,278.25595,18.50128,-0.02873832,-0.024647415,0.037860084,8.223583,0.07659718
2024-04-28,0.4145303,11.505755,278.25595,18.50128,-0.03438273,-0.015521178,0.03772372,8.223133,0.07643349
2024-04-29,0.4145303,11.505755,278.25595,18.50128,-0.03116224,-0.018675309,0.036329772,8.222629,0.0770203
2024-04-30,0.4145303,11.505755,278.25595,18.50128,-0.063694425,0.0060041794,0.063976794,8.222176,0.077820644
2024-05-01,0.4145303,11.505755,278.25595,18.50128,-0.039152976,0.00767586,0.039898302,8.221732,0.078036
2024-05-02,0.4145303,11.505755,278.25595,18.50128,-0.012990779,-0.022010794,0.02555847,8.221357,0.079672165
2024-05-03,0.4145303,11.505755,278.25595,18.50128,-0.008626782,-0.023387294,0.024927633,8.22093,0.0776306
2024-05-04,0.4145303,11.505755,278.25595,18.50128,-0.03911947,-0.012276447,0.041000538,8.220355,0.077182464
2024-05-05,0.4145303,11.505755,278.25595,18.50128,-0.042383414,-0.012018751,0.044054557,8.2197895,0.07887323
2024-05-06,0.4145303,11.505755,278.25595,18.50128,0.011431196,-0.0022470523,0.011649956,8.219287,0.0811709
2024-05-07,0.4145303,11.505755,278.25595,18.50128,0.034867983,0.004432431,0.035148583,8.21873,0.08463397
2024-05-08,0.4145303,11.505755,278.25595,18.50128,-0.018793289,-0.0003621738,0.018796777,8.218109,0.08242302
2024-05-09,0.4145303,11.505755,278.25595,18.50128,-0.055264793,0.022100613,0.059520032,8.21756,0.07963903
2024-05-10,0.4145303,11.505755,278.25595,18.50128,-0.07159881,0.019038249,0.07408674,8.217002,0.07917988
2024-05-11,0.4145303,11.505755,278.25595,18.50128,-0.050858013,0.009490015,0.05173585,8.216443,0.079318024
2024-05-12,0.4145303,11.505755,278.25595,18.50128,-0.040587302,-0.045090977,0.060667332,8.215904,0.08186598
2024-05-13,0.4145303,11.505755,278.25595,18.50128,-0.03638144,-0.030084262,0.047208812,8.215177,0.08066097
2024-05-14,0.4145303,11.505755,278.25595,18.50128,0.0030902966,-0.047279194,0.047380082,8.21446,0.0807805
2024-05-15,0.4145303,11.505755,278.25595,18.50128,-0.013193097,-0.0188922,0.023042852,8.213961,0.080641806
2024-05-16,0.4145303,11.505755,278.25595,18.50128,-0.010059332,-0.014119403,0.01733631,8.213549,0.080238946
2024-05-17,0.4145303,11.505755,278.25595,18.50128,-0.015449063,0.0049798368,0.016231831,8.213289,0.07902511
2024-05-18,0.4145303,11.505755,278.25595,18.50128,-0.005983809,0.03253109,0.03307685,8.213116,0.07966759
2024-05-19,0.4145303,11.505755,278.25595,18.50128,-0.01031865,0.003429246,0.010873558,8.212825,0.07955733
2024-05-20,0.4145303,11.505755,278.25595,18.50128,-0.029567502,0.019917294,0.035650186,8.212388,0.078573264
2024-05-21,0.4145303,11.505755,278.25595,18.50128,-0.028800854,0.019821465,0.034962546,8.212034,0.077874355
2024-05-22,0.4145303,11.505755,278.25595,18.50128,-0.031563584,0.01949283,0.037097577,8.211848,0.07689822
2024-05-23,0.4145303,11.505755,278.25595,18.50128,-0.047186308,0.005428452,0.047497533,8.211721,0.075538315
2024-05-24,0.4145303,11.505755,278.25595,18.50128,-0.06660066,-0.007284488,0.06699785,8.211584,0.076385096
2024-05-25,0.4145303,11.505755,278.25595,18.50128,-0.07811628,0.0054592392,0.07830681,8.211292,0.07846353
2024-05-26,0.4145303,11.505755,278.25595,18.50128,-0.044924892,-0.0044581643,0.045145553,8.210813,0.08044342
2024-05-27,0.4145303,11.505755,278.25595,18.50128,-0.016244251,-0.019880518,0.025673151,8.210176,0.078545064
2024-05-28,0.4145303,11.505755,278.25595,18.50128,-0.0021217985,-0.015770003,0.015912103,8.209439,0.07534184
2024-05-29,0.4145303,11.505755,278.25595,18.50128,0.02731892,-0.012360701,0.029985167,8.2086735,0.07728425
2024-05-30,0.4145303,11.505755,278.25595,18.50128,0.01733107,0.0127723105,0.021529,8.208055,0.078038566
2024-05-31,0.4145303,11.505755,278.25595,18.50128,0.02519324,0.0009070774,0.025209565,8.209374,0.078176506
2024-06-01,0.4145303,11.505755,278.25595,18.50128,0.03108517,0.008958106,0.0323502,8.210702,0.080142654
2024-06-02,0.4145303,11.505755,278.25595,18.50128,0.015018602150000001,0.013909488,0.025620081000000003,8.211753,0.07993581
2024-06-03,0.4145303,11.505755,278.25595,18.50128,-0.0010479657,0.01886087,0.018889962,8.212664,0.07688014
2024-06-04,0.4145303,11.505755,278.25595,18.50128,-0.014287804,0.047422618,0.049528234,8.2133255,0.07640226
2024-06-05,0.4145303,11.505755,278.25595,18.50128,0.0021031657,-0.0058459924,0.006212804,8.213888,0.07441218
2024-06-06,0.4145303,11.505755,278.25595,18.50128,-0.013859272,-0.028209686,0.031430334,8.214381,0.073682636
2024-06-07,0.4145303,11.505755,278.25595,18.50128,-0.024856301,-0.016627634,0.02990508,8.214752,0.07253506
2024-06-08,0.4145303,11.505755,278.25595,18.50128,-0.029730704,-0.009955196,0.03135316,8.214985,0.07134699
2024-06-09,0.4145303,11.505755,278.25595,18.50128,-0.015785044,-0.019720087,0.02525964,8.215122,0.07110636
2024-06-10,0.4145303,11.505755,278.25595,18.50128,0.015866961,0.02179764,0.02696104,8.215292,0.075401604
2024-06-11,0.4145303,11.505755,278.25595,18.50128,0.027842771,0.043469682,0.051622022,8.215554,0.07794374
2024-06-12,0.4145303,11.505755,278.25595,18.50128,0.0052472465,0.0064726127,0.008332365,8.215818,0.07734465
2024-06-13,0.4145303,11.505755,278.25595,18.50128,-0.008245512,0.015016458,0.01713133,8.21595,0.07486101
2024-06-14,0.4145303,11.505755,278.25595,18.50128,-0.011291298,0.018076122,0.021312898,8.216018,0.075606935
2024-06-15,0.4145303,11.505755,278.25595,18.50128,-0.0063215415,-0.08287556,0.0831163,8.216129,0.07653148
2024-06-16,0.4145303,11.505755,278.25595,18.50128,0.016075948,-0.05395218,0.056296304,8.2162695,0.07661154
2024-06-17,0.4145303,11.505755,278.25595,18.50128,0.015864706,-0.013593618,0.020891992,8.216327,0.075270824
2024-06-18,0.4145303,11.505755,278.25595,18.50128,-0.009649108,-0.0092888735,0.013393598,8.216307,0.07283163
2024-06-19,0.4145303,11.505755,278.25595,18.50128,-0.02964648,-0.00030715464,0.029648071,8.216332,0.07108897
2024-06-20,0.4145303,11.505755,278.25595,18.50128,-0.009801158,-0.018195827,0.020667627,8.21647,0.07262979
2024-06-21,0.4145303,11.505755,278.25595,18.50128,-0.065412626,-0.0002744599,0.0654132,8.216702,0.07417878
2024-06-22,0.4145303,11.505755,278.25595,18.50128,-0.042831622,0.012790034,0.044700477,8.217004,0.075701356
2024-06-23,0.4145303,11.505755,278.25595,18.50128,-0.030251065,0.024579365,0.038977843,8.21723,0.07609046
2024-06-24,0.4145303,11.505755,278.25595,18.50128,-0.041259486,0.00064814003,0.04126458,8.21744,0.076807365
2024-06-25,0.4145303,11.505755,278.25595,18.50128,-0.057445813,-0.0314189,0.06547648,8.217593,0.07599695
2024-06-26,0.4145303,11.505755,278.25595,18.50128,-0.0552725,-0.024595795,0.060497954,8.217593,0.07544709
2024-06-27,0.4145303,11.505755,278.25595,18.50128,-0.02492284,-0.0024563589,0.025043596,8.217535,0.07545453
2024-06-28,0.4145303,11.505755,278.25595,18.50128,-0.040593203,0.011970825,0.042321492,8.217428,0.0754387
2024-06-29,0.4145303,11.505755,278.25595,18.50128,-0.048625283,-0.00096426636,0.048634846,8.217355,0.07491316
2024-06-30,0.4145303,11.505755,278.25595,18.50128,-0.03410519,-0.0023936662,0.034189086,8.217299,0.07345608
2024-07-01,0.4145303,11.505755,278.25595,18.50128,-0.020542491,-0.014930068,0.0253949,8.217333,0.07287652
2024-07-02,0.4145303,11.505755,278.25595,18.50128,-0.005411614,-0.0037768346,0.006599246,8.217412,0.07381642
2024-07-03,0.4145303,11.505755,278.25595,18.50128,-0.011813206,0.030057434,0.03229553,8.2176485,0.07500117
2024-07-04,0.4145303,11.505755,278.25595,18.50128,-0.010047308,0.00035451422,0.010053561,8.217839,0.07407497
2024-07-05,0.4145303,11.505755,278.25595,18.50128,-0.014776199,-0.05106213,0.0531571,8.217925,0.07574799
2024-07-06,0.4145303,11.505755,278.25595,18.50128,-0.05125911,-0.027322702,0.058086373,8.218048,0.0762304
2024-07-07,0.4145303,11.505755,278.25595,18.50128,-0.04565692,-0.010760568,0.046907827,8.218219,0.07528469
2024-07-08,0.4145303,11.505755,278.25595,18.50128,-0.034114372,-0.010928062,0.035821963,8.218397,0.074741326
2024-07-09,0.4145303,11.505755,278.25595,18.50128,-0.046341516,-0.013716297,0.0483288,8.218637,0.07503309
2024-07-10,0.4145303,11.505755,278.25595,18.50128,-0.040980007,-0.0013322725,0.04100166,8.218869,0.07397626
2024-07-11,0.4145303,11.505755,278.25595,18.50128,-0.032033317,0.002524065,0.032132607,8.219039,0.07384537
2024-07-12,0.4145303,11.505755,278.25595,18.50128,-0.039202224,-0.0071495497,0.039848845,8.219142,0.07277355
2024-07-13,0.4145303,11.505755,278.25595,18.50128,-0.0479369,0.0043185395,0.04813103,8.219294,0.07281448
2024-07-14,0.4145303,11.505755,278.25595,18.50128,-0.050299514,-0.0020727592,0.050342206,8.21945,0.07301828
2024-07-15,0.4145303,11.505755,278.25595,18.50128,-0.038017787,-0.009152412,0.039103948,8.219643,0.072874166
2024-07-16,0.4145303,11.505755,278.25595,18.50128,-0.026579536,-0.0070834057,0.027507206,8.219805,0.0723814
2024-07-17,0.4145303,11.505755,278.25595,18.50128,-0.030468285,-0.00531454,0.030928316,8.2198925,0.07133897
2024-07-18,0.4145303,11.505755,278.25595,18.50128,-0.024275346,-0.0033291143,0.02450256,8.219956,0.071171544
2024-07-19,0.4145303,11.505755,278.25595,18.50128,-0.045136504,-0.024994088,0.051594656,8.220028,0.07279043
2024-07-20,0.4145303,11.505755,278.25595,18.50128,-0.029890811,-0.01613126,0.033965837,8.219997,0.07345998
2024-07-21,0.4145303,11.505755,278.25595,18.50128,-0.0044888277,0.005621069,0.0071934685,8.219927,0.07140081
2024-07-22,0.4145303,11.505755,278.25595,18.50128,0.00060950266,-0.0155810965,0.015593013,8.219862,0.07049537
2024-07-23,0.4145303,11.505755,278.25595,18.50128,-0.019160373,-0.029737836,0.035375964,8.21984,0.071717314
2024-07-24,0.4145303,11.505755,278.25595,18.50128,-0.027902154,-0.01313078,0.030837437,8.219932,0.07228175
2024-07-25,0.4145303,11.505755,278.25595,18.50128,-0.033348687,0.003438858,0.033525523,8.220118,0.07200528
2024-07-26,0.4145303,11.505755,278.25595,18.50128,-0.033714276,-0.006697046,0.034372997,8.22031,0.073913105
2024-07-27,0.4145303,11.505755,278.25595,18.50128,-0.047374383,-0.030033762,0.056092415,8.220566,0.07400547
2024-07-28,0.4145303,11.505755,278.25595,18.50128,-0.030168157,-0.010679837,0.03200276,8.22088,0.07484954
2024-07-29,0.4145303,11.505755,278.25595,18.50128,-0.0013322488,-0.010545624,0.010629444,8.221193,0.07715385
2024-07-30,0.4145303,11.505755,278.25595,18.50128,-0.030264335,-0.037661113,0.048314486,8.221466,0.07866709
2024-07-31,0.4145303,11.505755,278.25595,18.50128,-0.02786574,-0.024999214,0.03743608,8.221662,0.0802964
2024-08-01,0.4145303,11.505755,278.25595,18.50128,0.0023856545,0.0028236934,0.0036965648,8.221861,0.077980295
2024-08-02,0.4145303,11.505755,278.25595,18.50128,0.005540751,0.004574206,0.0071849343,8.222037,0.07905993
2024-08-03,0.4145303,11.505755,278.25595,18.50128,0.006095349,0.025845787,0.02655481,8.222218,0.079458445
2024-08-04,0.4145303,11.505755,278.25595,18.50128,-2.365006e-05,-0.011174039,0.011174063,8.222468,0.07777701
2024-08-05,0.4145303,11.505755,278.25595,18.50128,-0.021035573,-0.024089016,0.03198087,8.222667,0.07604305
2024-08-06,0.4145303,11.505755,278.25595,18.50128,-0.0039105313,-0.012381341,0.012984216,8.222912,0.07402706
2024-08-07,0.4145303,11.505755,278.25595,18.50128,-0.009905544,-0.02508825,0.026972951,8.223266,0.07361016
2024-08-08,0.4145303,11.505755,278.25595,18.50128,-0.012357831,-0.0061921845,0.013822414,8.223698,0.07240956
2024-08-09,0.4145303,11.505755,278.25595,18.50128,-0.016618937,0.011151589,0.02001367,8.224116,0.07169328
2024-08-10,0.4145303,11.505755,278.25595,18.50128,-0.022042299,-0.008537134,0.0236378,8.224504,0.07240141
2024-08-11,0.4145303,11.505755,278.25595,18.50128,-0.02080254,-0.024057532,0.031804252,8.224992,0.072663076
2024-08-12,0.4145303,11.505755,278.25595,18.50128,-0.015301413,-0.01944636,0.02474458,8.22548,0.07259564
2024-08-13,0.4145303,11.505755,278.25595,18.50128,-0.0011650778,0.0056420066,0.0057610455,8.225962,0.07249976
2024-08-14,0.4145303,11.505755,278.25595,18.50128,-0.039380364,0.017061757,0.042917557,8.226466,0.07397076
2024-08-15,0.4145303,11.505755,278.25595,18.50128,-0.038850494,0.01855322,0.043053254,8.2269535,0.07416836
2024-08-16,0.4145303,11.505755,278.25595,18.50128,-0.04693015,0.0073986743,0.047509782,8.227458,0.07398123
2024-08-17,0.4145303,11.505755,278.25595,18.50128,-0.04368805,0.019438246,0.047817267,8.227848,0.07346009
2024-08-18,0.4145303,11.505755,278.25595,18.50128,-0.04081919,0.015232198,0.043568637,8.22809,0.07317966
2024-08-19,0.4145303,11.505755,278.25595,18.50128,-0.032717783,0.0016554771,0.03275964,8.22832,0.071321964
2024-08-20,0.4145303,11.505755,278.25595,18.50128,-0.026023796,-0.0032505903,0.026226023,8.228702,0.06984524
2024-08-21,0.4145303,11.505755,278.25595,18.50128,-0.028414981,0.00021196197,0.028415771,8.229163,0.06889559
2024-08-22,0.4145303,11.505755,278.25595,18.50128,-0.018027171,-0.022036122,0.028470505,8.229665,0.069020234
2024-08-23,0.4145303,11.505755,278.25595,18.50128,-0.023042673,-0.037083436,0.043659434,8.230129,0.07135646
2024-08-24,0.4145303,11.505755,278.25595,18.50128,-0.03192503,-0.023463812,0.039620172,8.230478,0.07321545
2024-08-25,0.4145303,11.505755,278.25595,18.50128,-0.03008166,-0.0027939898,0.030211134,8.230707,0.07363244
2024-08-26,0.4145303,11.505755,278.25595,18.50128,-0.03225908,0.011325166,0.03418929,8.230967,0.07481239
2024-08-27,0.4145303,11.505755,278.25595,18.50128,-0.025200466,-0.0015166755,0.025246065,8.231229,0.074307464
2024-08-28,0.4145303,11.505755,278.25595,18.50128,-0.009345202,-0.01734517,0.01970248,8.231447,0.07427604
2024-08-29,0.4145303,11.505755,278.25595,18.50128,-0.016867206,-0.0020052323,0.016985983,8.231647,0.07389398
2024-08-30,0.4145303,11.505755,278.25595,18.50128,-0.023746941,-0.008694,0.025288394,8.231878,0.0750218
2024-08-31,0.4145303,11.505755,278.25595,18.50128,-0.020089012,-0.0037891243,0.020443235,8.232163,0.07444843
2024-09-01,0.4145303,11.505755,278.25595,18.50128,-0.02862731,-0.002986861,0.028782707,8.232471,0.0742918
2024-09-02,0.4145303,11.505755,278.25595,18.50128,-0.011744846,-0.016195748,0.02000609,8.232816,0.07449071
2024-09-03,0.4145303,11.505755,278.25595,18.50128,-0.0058442615,-0.021633163,0.022408685,8.233236,0.0743159
2024-09-04,0.4145303,11.505755,278.25595,18.50128,-0.012723105,-0.023496654,0.02672022,8.233743,0.07496641
2024-09-05,0.4145303,11.505755,278.25595,18.50128,-0.008661589,-0.021278353,0.022973713,8.234204,0.07615021
2024-09-06,0.4145303,11.505755,278.25595,18.50128,-0.029266387,-0.0076863538,0.030258907,8.234666,0.076519035
2024-09-07,0.4145303,11.505755,278.25595,18.50128,-0.049399126,0.007176136,0.04991764,8.235185,0.0776643
2024-09-08,0.4145303,11.505755,278.25595,18.50128,-0.039354797,-0.0045765215,0.03962,8.235661,0.07858304
2024-09-09,0.4145303,11.505755,278.25595,18.50128,-0.0064884475,-0.002824705,0.0070766453,8.236117,0.07798072
2024-09-10,0.4145303,11.505755,278.25595,18.50128,0.002576112,0.01801337,0.018196644,8.236623,0.075443976
2024-09-11,0.4145303,11.505755,278.25595,18.50128,-7.741771e-05,0.008429368,0.008429724,8.237187,0.07388196
2024-09-12,0.4145303,11.505755,278.25595,18.50128,0.011701048,-0.027067596,0.029488461,8.237674,0.07561307
2024-09-13,0.4145303,11.505755,278.25595,18.50128,0.00455278,0.015756577,0.016401144,8.238137,0.075449035
2024-09-14,0.4145303,11.505755,278.25595,18.50128,0.010446286,0.015123712,0.018380739,8.238585,0.075697094
2024-09-15,0.4145303,11.505755,278.25595,18.50128,-0.037136015,0.019551571,0.041968413,8.238983,0.077280916
2024-09-16,0.4145303,11.505755,278.25595,18.50128,-0.025702577,-0.028381405,0.038290035,8.23941,0.07887972
2024-09-17,0.4145303,11.505755,278.25595,18.50128,-0.033272073,-0.020204095,0.038926035,8.239879,0.08050307
2024-09-18,0.4145303,11.505755,278.25595,18.50128,-0.028152585,-0.0047653047,0.02855304,8.240394,0.0810681
2024-09-19,0.4145303,11.505755,278.25595,18.50128,-0.041706465,-0.0122292815,0.04346245,8.240957,0.082894124
2024-09-20,0.4145303,11.505755,278.25595,18.50128,-0.06503405,0.011389761,0.066023886,8.241605,0.08634929
2024-09-21,0.4145303,11.505755,278.25595,18.50128,-0.042381074,0.009963451,0.043536488,8.242251,0.08784592
2024-09-22,0.4145303,11.505755,278.25595,18.50128,-0.030334324,-0.011873213,0.032575212,8.242832,0.08857744
2024-09-23,0.4145303,11.505755,278.25595,18.50128,-0.018025365,-0.0028138554,0.018243672,8.24333,0.08807006
2024-09-24,0.4145303,11.505755,278.25595,18.50128,-0.0009483173,-0.008213597,0.008268161,8.243825,0.08609228
2024-09-25,0.4145303,11.505755,278.25595,18.50128,-0.011231125,0.001047594,0.011279876,8.244373,0.08461728
2024-09-26,0.4145303,11.505755,278.25595,18.50128,-0.0017101795,0.020756051,0.020826386,8.244966,0.084607124
2024-09-27,0.4145303,11.505755,278.25595,18.50128,-0.0057605663,0.026629278,0.027245231,8.245572,0.08646902
2024-09-28,0.4145303,11.505755,278.25595,18.50128,-0.019565139,0.047466625,0.051340777,8.246163,0.087436594
2024-09-29,0.4145303,11.505755,278.25595,18.50128,-0.015988272,0.031547144,0.035367314,8.2467575,0.08566804
2024-09-30,0.4145303,11.505755,278.25595,18.50128,-0.023178702,-0.039641593,0.04592067,8.246612,0.08662996
2024-10-01,0.4145303,11.505755,278.25595,18.50128,-0.023209132,-0.07516068,0.07866252,8.246704,0.0912219
2024-10-02,0.4145303,11.505755,278.25595,18.50128,-0.005972311,-0.02933534,0.029937113,8.246895,0.09199142
2024-10-03,0.4145303,11.505755,278.25595,18.50128,0.021199344,0.004886316,0.021755189,8.247393,0.09743618
2024-10-04,0.4145303,11.505755,278.25595,18.50128,0.023665441,0.031685688,0.039547894,8.247887,0.09821826
2024-10-05,0.4145303,11.505755,278.25595,18.50128,0.020987583,0.036676604,0.042256977,8.248309,0.10065287
2024-10-06,0.4145303,11.505755,278.25595,18.50128,0.0080819735,0.029312965,0.030406713,8.248758,0.09935213
2024-10-07,0.4145303,11.505755,278.25595,18.50128,0.011070983,-0.028593881,0.0306623,8.249032,0.09748626
2024-10-08,0.4145303,11.505755,278.25595,18.50128,0.006520279,-0.0015641791,0.006705274,8.249246,0.09759748
2024-10-09,0.4145303,11.505755,278.25595,18.50128,0.0033686005,0.027422648,0.027628772,8.249467,0.09876166
2024-10-10,0.4145303,11.505755,278.25595,18.50128,0.0032259596,-0.004992817,0.005944328,8.249694,0.09855294
2024-10-11,0.4145303,11.505755,278.25595,18.50128,0.005265384,0.010383099,0.011641865,8.249933,0.093263745
2024-10-12,0.4145303,11.505755,278.25595,18.50128,-0.0253098,-0.009682304,0.027098577,8.250246,0.093495004
2024-10-13,0.4145303,11.505755,278.25595,18.50128,-0.01553407,-0.047562145,0.05003464,8.250571,0.09745108
2024-10-14,0.4145303,11.505755,278.25595,18.50128,0.0074933437,-0.021740314,0.022995466,8.250984,0.10271907
2024-10-15,0.4145303,11.505755,278.25595,18.50128,-0.0100212395,-0.0058672177,0.011612471,8.251256,0.097327724
2024-10-16,0.4145303,11.505755,278.25595,18.50128,-0.029772889,-0.023369132,0.037848927,8.251298,0.09706723
2024-10-17,0.4145303,11.505755,278.25595,18.50128,-0.06543672,-0.048358116,0.081366286,8.2513075,0.09935216
2024-10-18,0.4145303,11.505755,278.25595,18.50128,-0.05085788,-0.032818288,0.06052738,8.251411,0.09870591
2024-10-19,0.4145303,11.505755,278.25595,18.50128,-0.020898191,-0.03130596,0.037640374,8.251685,0.0989653
2024-10-20,0.4145303,11.505755,278.25595,18.50128,-0.03097845,-0.04159143,0.0518605,8.251947,0.09607245
2024-10-21,0.4145303,11.505755,278.25595,18.50128,-0.05306166,-0.034802966,0.06345697,8.252254,0.09918214
2024-10-22,0.4145303,11.505755,278.25595,18.50128,-0.025946923,0.008061999,0.027170546,8.252634,0.10152564
2024-10-23,0.4145303,11.505755,278.25595,18.50128,-0.008351911,-0.002439013,0.008700759,8.252997,0.10299363
2024-10-24,0.4145303,11.505755,278.25595,18.50128,-0.03508036,-0.024389608,0.04272569,8.253134,0.10092915
2024-10-25,0.4145303,11.505755,278.25595,18.50128,-0.023550984,-0.029520255,0.037763663,8.2532015,0.10408153
2024-10-26,0.4145303,11.505755,278.25595,18.50128,-0.0326184,-0.019718569,0.03811538,8.253166,0.097835414
2024-10-27,0.4145303,11.505755,278.25595,18.50128,-0.013094701,0.017017014,0.021472074,8.253109,0.10198929
2024-10-28,0.4145303,11.505755,278.25595,18.50128,0.014710011,0.003150398,0.015043584,8.2532425,0.10799864
2024-10-29,0.4145303,11.505755,278.25595,18.50128,-0.00855003,-0.019794758,0.021562362,8.253314,0.10345697
2024-10-30,0.4145303,11.505755,278.25595,18.50128,-0.016914997,-0.006472878,0.018111194,8.253298,0.099632576
2024-10-31,0.4145303,11.505755,278.25595,18.50128,0.009019765,-0.01554195,0.017969653,8.25332,0.09999571
2024-11-01,0.4145303,11.505755,278.25595,18.50128,0.0304828,-0.012391575,0.032905202,8.253491,0.10018244
2024-11-02,0.4145303,11.505755,278.25595,18.50128,0.03655655,-0.014720515,0.03940907,8.253691,0.102683894
2024-11-03,0.4145303,11.505755,278.25595,18.50128,-0.044727325,-0.03770213,0.058497727,8.25393,0.10204434
2024-11-04,0.4145303,11.505755,278.25595,18.50128,0.031748865,-0.04964385,0.058927946,8.254236,0.10576134
2024-11-05,0.4145303,11.505755,278.25595,18.50128,-0.031083075,-0.03258112,0.045029845,8.254416,0.10052816
2024-11-06,0.4145303,11.505755,278.25595,18.50128,0.0126504265,0.0010647171,0.012695153,8.25453,0.102462575
2024-11-07,0.4145303,11.505755,278.25595,18.50128,-0.0005293599,0.00031997194,0.0006185499,8.254711,0.103717506
2024-11-08,0.4145303,11.505755,278.25595,18.50128,-0.01826569,-0.0004772374,0.018271925,8.255086,0.10304155
2024-11-09,0.4145303,11.505755,278.25595,18.50128,-0.04783939,0.00062612,0.047843486,8.255509,0.102058075
2024-11-10,0.4145303,11.505755,278.25595,18.50128,-0.052914675,0.012686274,0.054414194,8.256126,0.106241986
2024-11-11,0.4145303,11.505755,278.25595,18.50128,-0.056609944,-0.0032613275,0.056703806,8.25675,0.10387017
2024-11-12,0.4145303,11.505755,278.25595,18.50128,-0.0442292,0.0006150404,0.044233475,8.257179,0.09872867
2024-11-13,0.4145303,11.505755,278.25595,18.50128,-0.02894675,-0.0011944862,0.028971385,8.257554,0.098565735
2024-11-14,0.4145303,11.505755,278.25595,18.50128,-0.008957372,-0.008183634,0.012132864,8.257871,0.09754348
2024-11-15,0.4145303,11.505755,278.25595,18.50128,-0.007842994,-0.01432414,0.016330754,8.258083,0.09598213
2024-11-16,0.4145303,11.505755,278.25595,18.50128,-0.01785995,-0.03533406,0.039591335,8.258247,0.093578145
2024-11-17,0.4145303,11.505755,278.25595,18.50128,0.0022618643,0.020307455,0.020433031,8.258368,0.09300003
2024-11-18,0.4145303,11.505755,278.25595,18.50128,0.017475374,0.00089229306,0.01749814,8.258466,0.09278934
2024-11-19,0.4145303,11.505755,278.25595,18.50128,0.0038742647,-0.009778656,0.0105181765,8.258728,0.09514185
2024-11-20,0.4145303,11.505755,278.25595,18.50128,0.042024698,0.04699764,0.06304644,8.258991,0.0975525
2024-11-21,0.4145303,11.505755,278.25595,18.50128,0.048270103,0.018525345,0.051702913,8.259265,0.09920177
2024-11-22,0.4145303,11.505755,278.25595,18.50128,0.01227375,0.041478507,0.043256346,8.259567,0.10210128
2024-11-23,0.4145303,11.505755,278.25595,18.50128,-0.0014629307,-0.025694314,0.025735928,8.259952,0.10332778
2024-11-24,0.4145303,11.505755,278.25595,18.50128,-0.081377394,-0.07367755,0.109775506,8.260273,0.098196626
2024-11-25,0.4145303,11.505755,278.25595,18.50128,-0.065245375,-0.027637586,0.07085757,8.260375,0.09689871
2024-11-26,0.4145303,11.505755,278.25595,18.50128,-0.017870292,-0.014070607,0.022744875,8.260326,0.09547622
2024-11-27,0.4145303,11.505755,278.25595,18.50128,-0.005676326,-0.040991716,0.041382864,8.260089,0.09359801
2024-11-28,0.4145303,11.505755,278.25595,18.50128,-0.0041109337,-0.024637206,0.024977824,8.259798,0.090035774
2024-11-29,0.4145303,11.505755,278.25595,18.50128,0.0011388949,0.018387493,0.01842273,8.2597685,0.09617338
2024-11-30,0.4145303,11.505755,278.25595,18.50128,-0.038080312,0.022855986,0.044412907,8.259944,0.09832444
2024-12-01,0.4145303,11.505755,278.25595,18.50128,-0.05788463,0.019383878,0.06104396,8.260149,0.09363114
2024-12-02,0.4145303,11.505755,278.25595,18.50128,-0.05069394,0.016013404,0.053163003,8.260362,0.09190288
2024-12-03,0.4145303,11.505755,278.25595,18.50128,-0.04321294,0.013573704,0.04529463,8.260669,0.09235294
2024-12-04,0.4145303,11.505755,278.25595,18.50128,-0.032624796,0.00403456,0.032873318,8.260778,0.09279025
2024-12-05,0.4145303,11.505755,278.25595,18.50128,-0.028656306,-0.00791333,0.029728852,8.260769,0.090749435
2024-12-06,0.4145303,11.505755,278.25595,18.50128,-0.0075881938,0.027436484,0.028466495,8.26084,0.09101681
2024-12-07,0.4145303,11.505755,278.25595,18.50128,-0.008490418,0.030106185,0.0312805,8.261104,0.094065
2024-12-08,0.4145303,11.505755,278.25595,18.50128,-0.006771065,0.022468297,0.023466393,8.261334,0.09298951
2024-12-09,0.4145303,11.505755,278.25595,18.50128,0.0020610606,0.02025687,0.020361451,8.261379,0.089899175
2024-12-10,0.4145303,11.505755,278.25595,18.50128,0.0035011843,0.006633769,0.0075010117,8.261365,0.091720894
2024-12-11,0.4145303,11.505755,278.25595,18.50128,0.010622199,-0.031312346,0.033065,8.261416,0.091080815
2024-12-12,0.4145303,11.505755,278.25595,18.50128,0.008862331,-0.073265165,0.07379922,8.26136,0.092261605
2024-12-13,0.4145303,11.505755,278.25595,18.50128,-0.024629718,-0.08996167,0.09327231,8.261203,0.09172056
2024-12-14,0.4145303,11.505755,278.25595,18.50128,0.030922506,0.005047705,0.031331785,8.261121,0.09100373
2024-12-15,0.4145303,11.505755,278.25595,18.50128,0.05742538,0.0039989706,0.057564452,8.261012,0.0924752
2024-12-16,0.4145303,11.505755,278.25595,18.50128,0.041303534,-0.012067365,0.04303026,8.260891,0.09167281
2024-12-17,0.4145303,11.505755,278.25595,18.50128,0.072779834,-0.053673085,0.09043066,8.260815,0.09224253
2024-12-18,0.4145303,11.505755,278.25595,18.50128,0.007293814,-0.044444747,0.045039266,8.260578,0.090553574
2024-12-19,0.4145303,11.505755,278.25595,18.50128,0.01055135,0.030347502,0.032129455,8.26019,0.091131136
2024-12-20,0.4145303,11.505755,278.25595,18.50128,0.0074895876,0.025460511,0.026539246,8.259876,0.090360746
2024-12-21,0.4145303,11.505755,278.25595,18.50128,-0.026775023,0.021686727,0.034456,8.259557,0.08960723
2024-12-22,0.4145303,11.505755,278.25595,18.50128,0.0043682787,-0.031778015,0.032076847,8.259321,0.08969854
2024-12-23,0.4145303,11.505755,278.25595,18.50128,-0.0016088246,0.013244586,0.013341941,8.259318,0.08917424
2024-12-24,0.4145303,11.505755,278.25595,18.50128,-0.033317994,0.03967513,0.05180931,8.259401,0.08955414
2024-12-25,0.4145303,11.505755,278.25595,18.50128,-0.05487487,-0.004060263,0.05502488,8.259199,0.090831496
2024-12-26,0.4145303,11.505755,278.25595,18.50128,-0.09548447,-0.010831893,0.0960969,8.25871,0.090534136
2024-12-27,0.4145303,11.505755,278.25595,18.50128,-0.051644385,-0.024466088,0.057146583,8.258661,0.09192231
2024-12-28,0.4145303,11.505755,278.25595,18.50128,-0.034931332,-0.0453736,0.057262216,8.258794,0.09351528
2024-12-29,0.4145303,11.505755,278.25595,18.50128,-0.016079625,-0.01717954,0.023530638,8.258852,0.092991464
2024-12-30,0.4145303,11.505755,278.25595,18.50128,0.010317447,-0.011750627,0.015637357,8.25889,0.08986326
2024-12-31,0.4145303,11.505755,278.25595,18.50128,0.04278376,-0.017821282,0.04634704,8.258797,0.08969041
2025-01-01,0.4145303,11.505755,278.25595,18.50128,0.04688331,0.0035869207,0.047020324,8.258797,0.08979887
2025-01-02,0.4145303,11.505755,278.25595,18.50128,0.05356199,0.025571346,0.059353016,8.258797,0.09182087
2025-01-03,0.4145303,11.505755,278.25595,18.50128,0.050464932,0.009462717,0.051344447,8.258797,0.09133299
2025-01-04,0.4145303,11.505755,278.25595,18.50128,0.0063209524,-0.0194437,0.02044534,8.258797,0.09035819
2025-01-05,0.4145303,11.505755,278.25595,18.50128,-0.027902314,0.005736639,0.02848593,8.258797,0.08922468
2025-01-06,0.4145303,11.505755,278.25595,18.50128,0.010495747,0.023540284,0.025774129,8.258797,0.08872291
2025-01-07,0.4145303,11.505755,278.25595,18.50128,0.01290491,0.029512053,0.032210216,8.258797,0.08911246
2025-01-08,0.4145303,11.505755,278.25595,18.50128,0.0219808,0.015103004,0.026669389,8.258797,0.08720951
2025-01-09,0.4145303,11.505755,278.25595,18.50128,0.008233079,0.0058407877,0.010094473,8.258797,0.086524084
2025-01-10,0.4145303,11.505755,278.25595,18.50128,0.005039051,0.01680822,0.017547315,8.258797,0.08757091
2025-01-11,0.4145303,11.505755,278.25595,18.50128,-0.0062528867,-0.014984237,0.016236562,8.258797,0.0874501
2025-01-12,0.4145303,11.505755,278.25595,18.50128,-0.026189264,-0.007928953,0.02736322,8.258797,0.0865549
2025-01-13,0.4145303,11.505755,278.25595,18.50128,-0.041679423,-0.019212468,0.045894373,8.258797,0.08732529
2025-01-14,0.4145303,11.505755,278.25595,18.50128,-0.04082935,-0.013622296,0.04304187,8.258797,0.087297544
2025-01-15,0.4145303,11.505755,278.25595,18.50128,-0.019024754,0.005604537,0.019833107,8.258797,0.08726406
2025-01-16,0.4145303,11.505755,278.25595,18.50128,-0.009375522,-0.0335383,0.034824103,8.258797,0.0863078
2025-01-17,0.4145303,11.505755,278.25595,18.50128,0.035482604,-0.0493118,0.060750876,8.258797,0.08666687
2025-01-18,0.4145303,11.505755,278.25595,18.50128,0.024461066,-0.050073758,0.05572903,8.258797,0.086991414
2025-01-19,0.4145303,11.505755,278.25595,18.50128,0.005768274,-0.06800834,0.068252526,8.258797,0.086618386
2025-01-20,0.4145303,11.505755,278.25595,18.50128,0.01609805,-0.013300597,0.020881884,8.258797,0.08546685
2025-01-21,0.4145303,11.505755,278.25595,18.50128,-0.0038791238,0.025415393,0.025709722,8.258797,0.08586551
2025-01-22,0.4145303,11.505755,278.25595,18.50128,-0.009590465,0.025075905,0.026847309,8.258797,0.08427295
2025-01-23,0.4145303,11.505755,278.25595,18.50128,0.0040169684,0.007842139,0.008811084,8.258797,0.08252765
2025-01-24,0.4145303,11.505755,278.25595,18.50128,-0.0021532993,0.014474662,0.014633952,8.258797,0.08242824
2025-01-25,0.4145303,11.505755,278.25595,18.50128,-0.021567618,0.013317969,0.025348185,8.258797,0.08116011
2025-01-26,0.4145303,11.505755,278.25595,18.50128,-0.025062988,0.008249827,0.026385847,8.258797,0.08076701
2025-01-27,0.4145303,11.505755,278.25595,18.50128,-0.0024362528,0.023320524,0.023447435,8.258797,0.08361046
2025-01-28,0.4145303,11.505755,278.25595,18.50128,0.009158637,0.018178275,0.020355105,8.258797,0.084622055
2025-01-29,0.4145303,11.505755,278.25595,18.50128,0.020720039,0.0102697555,0.02312548,8.258797,0.084366135
2025-01-30,0.4145303,11.505755,278.25595,18.50128,0.008122981,0.01039169,0.01318977,8.258797,0.0826811
2025-01-31,0.4145303,11.505755,278.25595,18.50128,-0.003899726,-0.0018479798,0.004315425,8.258797,0.07923991
2025-02-01,0.4145303,11.505755,278.25595,18.50128,0.0009813112,-0.01396641,0.014000842,8.258797,0.07859804
2025-02-02,0.4145303,11.505755,278.25595,18.50128,-0.006017359,-0.009000434,0.010826653,8.258797,0.08006664
2025-02-03,0.4145303,11.505755,278.25595,18.50128,0.0019770218,-0.010054924,0.010247444,8.258797,0.08230455
2025-02-04,0.4145303,11.505755,278.25595,18.50128,-0.020071786,-0.04161688,0.04620434,8.258797,0.08329824
2025-02-05,0.4145303,11.505755,278.25595,18.50128,-0.032981932,-0.023582714,0.04054568,8.258797,0.08474023
2025-02-06,0.4145303,11.505755,278.25595,18.50128,-0.064929925,-0.03615181,0.07431587,8.258797,0.08536731
2025-02-07,0.4145303,11.505755,278.25595,18.50128,-0.06654729,-0.017139964,0.06871914,8.258797,0.086790085
2025-02-08,0.4145303,11.505755,278.25595,18.50128,-0.05930505,-0.018983532,0.06226928,8.258797,0.086952485
2025-02-09,0.4145303,11.505755,278.25595,18.50128,-0.056638848,-0.017544858,0.059294023,8.258797,0.086586945
2025-02-10,0.4145303,11.505755,278.25595,18.50128,-0.029457884,-0.020481277,0.03587826,8.258797,0.08684931
2025-02-11,0.4145303,11.505755,278.25595,18.50128,-0.023117447,-0.019804057,0.030440385,8.258797,0.08616755
2025-02-12,0.4145303,11.505755,278.25595,18.50128,-0.028040076,-0.01152985,0.030318037,8.258797,0.085901305
2025-02-13,0.4145303,11.505755,278.25595,18.50128,0.0009845035,-0.011842389,0.01188324,8.258797,0.083801724
2025-02-14,0.4145303,11.505755,278.25595,18.50128,0.03128081,0.008117799,0.032316986,8.258797,0.084502585
2025-02-15,0.4145303,11.505755,278.25595,18.50128,0.018998591,0.0020725797,0.019111307,8.258797,0.08486355
2025-02-16,0.4145303,11.505755,278.25595,18.50128,-0.031165926,-0.0029946612,0.03130947,8.258797,0.08363642
2025-02-17,0.4145303,11.505755,278.25595,18.50128,-0.06259339,0.018224332,0.065192476,8.258797,0.083824165
2025-02-18,0.4145303,11.505755,278.25595,18.50128,-0.06378612,-0.00012146412,0.06378624,8.258797,0.08423495
2025-02-19,0.4145303,11.505755,278.25595,18.50128,-0.05684956,-0.021441352,0.060758572,8.258797,0.083860904
2025-02-20,0.4145303,11.505755,278.25595,18.50128,-0.04869128,-0.036623187,0.060926992,8.258797,0.08280794
2025-02-21,0.4145303,11.505755,278.25595,18.50128,-0.06693401,-0.030641953,0.07361448,8.258797,0.08292515
2025-02-22,0.4145303,11.505755,278.25595,18.50128,-0.05751953,-0.025615355,0.06296541,8.258797,0.08337175
2025-02-23,0.4145303,11.505755,278.25595,18.50128,-0.024062732,-0.041854724,0.048278704,8.258797,0.0842642
2025-02-24,0.4145303,11.505755,278.25595,18.50128,0.033550315,-0.05139873,0.06137958,8.258797,0.08540115
2025-02-25,0.4145303,11.505755,278.25595,18.50128,0.024931999,-0.041555982,0.04846137,8.258797,0.08670755
2025-02-26,0.4145303,11.505755,278.25595,18.50128,0.0137683265,-0.0011789795,0.013818712,8.258797,0.083214685
2025-02-27,0.4145303,11.505755,278.25595,18.50128,-0.0003944998,0.028463056,0.02846579,8.258797,0.08381794
2025-02-28,0.4145303,11.505755,278.25595,18.50128,-0.029316515,0.023456505,0.037545513,8.258797,0.08320922
2025-03-01,0.4145303,11.505755,278.25595,18.50128,-0.030436382,0.016743671,0.03473793,8.258797,0.08319417
2025-03-02,0.4145303,11.505755,278.25595,18.50128,-0.018333199,0.007460133,0.019792922,8.258797,0.08140209
2025-03-03,0.4145303,11.505755,278.25595,18.50128,-0.029453939,-0.029124081,0.04142157,8.258797,0.08126921
2025-03-04,0.4145303,11.505755,278.25595,18.50128,0.0071029193,-0.005285778,0.008853864,8.258797,0.079416595
2025-03-05,0.4145303,11.505755,278.25595,18.50128,0.030192211,-0.015658043,0.03401094,8.258797,0.08032236
2025-03-06,0.4145303,11.505755,278.25595,18.50128,0.032631118,-0.018606087,0.037562963,8.258797,0.08171064
2025-03-07,0.4145303,11.505755,278.25595,18.50128,0.0033506423,-0.00065293536,0.003413668,8.258797,0.077256754
2025-03-08,0.4145303,11.505755,278.25595,18.50128,-0.025070393,0.0034003956,0.025299948,8.258797,0.07337836
2025-03-09,0.4145303,11.505755,278.25595,18.50128,-0.019795414,0.010092717,0.02221984,8.258797,0.073765166
2025-03-10,0.4145303,11.505755,278.25595,18.50128,0.022477726,-0.0002868915,0.022479557,8.258797,0.07115708
2025-03-11,0.4145303,11.505755,278.25595,18.50128,0.044111844,0.025205286,0.05080513,8.258797,0.07582969
2025-03-12,0.4145303,11.505755,278.25595,18.50128,0.04458318,0.019412022,0.048625987,8.258797,0.07884596
2025-03-13,0.4145303,11.505755,278.25595,18.50128,0.034624904,0.029464377,0.04546464,8.258797,0.079632245
2025-03-14,0.4145303,11.505755,278.25595,18.50128,0.02376243,0.0028353357,0.023930987,8.258797,0.07951462
2025-03-15,0.4145303,11.505755,278.25595,18.50128,0.03219247,0.01781823,0.03679462,8.258797,0.07880858
2025-03-16,0.4145303,11.505755,278.25595,18.50128,0.021557651,0.011402559,0.02438751,8.258797,0.078315094
2025-03-17,0.4145303,11.505755,278.25595,18.50128,-0.018836908,-0.018048046,0.026087565,8.258797,0.07568118
2025-03-18,0.4145303,11.505755,278.25595,18.50128,-0.05867503,-0.052597735,0.07879899,8.258797,0.077222034
2025-03-19,0.4145303,11.505755,278.25595,18.50128,-0.043114454,-0.039997283,0.058810193,8.258797,0.078238815
2025-03-20,0.4145303,11.505755,278.25595,18.50128,-0.030186675,-0.013167779,0.03293366,8.258797,0.07686684
2025-03-21,0.4145303,11.505755,278.25595,18.50128,-0.009125216,-0.0069422266,0.011465779,8.258797,0.07398675
2025-03-22,0.4145303,11.505755,278.25595,18.50128,-0.0016965054,-0.005046409,0.0053239437,8.258797,0.07356573
2025-03-23,0.4145303,11.505755,278.25595,18.50128,-0.0059880745,0.030887501,0.031462595,8.258797,0.075174965
2025-03-24,0.4145303,11.505755,278.25595,18.50128,0.00526564,0.036631342,0.03700787,8.258797,0.07832898
2025-03-25,0.4145303,11.505755,278.25595,18.50128,0.01801141,0.012176585,0.021741208,8.258797,0.078624524
2025-03-26,0.4145303,11.505755,278.25595,18.50128,-0.0039224694,0.002770709,0.004802353,8.258797,0.07475483
2025-03-27,0.4145303,11.505755,278.25595,18.50128,-0.03053356,0.015223631,0.034118284,8.258797,0.07194288
2025-03-28,0.4145303,11.505755,278.25595,18.50128,-0.061795782,0.027158722,0.06750048,8.258797,0.07380873
2025-03-29,0.4145303,11.505755,278.25595,18.50128,-0.022614503,0.0062853773,0.023471722,8.258797,0.0748555
2025-03-30,0.4145303,11.505755,278.25595,18.50128,-0.008500958,-0.011952616,0.014667355,8.258797,0.07097109
2025-03-31,0.4145303,11.505755,278.25595,18.50128,0.009795564,-0.006091919,0.0115353605,8.258797,0.0690008
2025-04-01,0.4145303,11.505755,278.25595,18.50128,-0.015481924,0.026890695,0.031029008,8.258797,0.0718409
2025-04-02,0.4145303,11.505755,278.25595,18.50128,-0.016913123,-0.005740509,0.017860772,8.258797,0.07099623
2025-04-03,0.4145303,11.505755,278.25595,18.50128,0.009176473,-0.03039939,0.03175422,8.258797,0.07131799
2025-04-04,0.4145303,11.505755,278.25595,18.50128,0.0034457466,-0.009260337,0.009880638,8.258797,0.06884562
2025-04-05,0.4145303,11.505755,278.25595,18.50128,0.022554887,0.0056823124,0.023259657,8.258797,0.0680293
2025-04-06,0.4145303,11.505755,278.25595,18.50128,0.02475371,-0.0001527639,0.024754182,8.258797,0.07289535
2025-04-07,0.4145303,11.505755,278.25595,18.50128,-0.03212999,-0.007293031,0.032947302,8.258797,0.07385062
2025-04-08,0.4145303,11.505755,278.25595,18.50128,-0.0027738481,-0.031849895,0.031970456,8.258797,0.07532701
2025-04-09,0.4145303,11.505755,278.25595,18.50128,-0.008143814,-0.025600897,0.026864989,8.258797,0.07676178
2025-04-10,0.4145303,11.505755,278.25595,18.50128,0.030219069,-0.025686985,0.039661232,8.258797,0.07761801
2025-04-11,0.4145303,11.505755,278.25595,18.50128,0.018238895,-0.04112529,0.044988297,8.258797,0.07754737
2025-04-12,0.4145303,11.505755,278.25595,18.50128,-0.0029543655,-0.019080756,0.019308122,8.258797,0.0782246
2025-04-13,0.4145303,11.505755,278.25595,18.50128,-0.007806704,-0.0071604857,0.010593262,8.258797,0.075517625
2025-04-14,0.4145303,11.505755,278.25595,18.50128,-0.012090124,-0.006176471,0.013576446,8.258797,0.07575064
2025-04-15,0.4145303,11.505755,278.25595,18.50128,-0.024482634,-0.0029021874,0.024654048,8.258797,0.07577941
2025-04-16,0.4145303,11.505755,278.25595,18.50128,-0.015041601,0.0109542655,0.018607678,8.258797,0.07477009
2025-04-17,0.4145303,11.505755,278.25595,18.50128,-0.025238987,0.021384189,0.033080056,8.258797,0.07132419
2025-04-18,0.4145303,11.505755,278.25595,18.50128,-0.026808046,0.028795518,0.039342765,8.258797,0.06978021
2025-04-19,0.4145303,11.505755,278.25595,18.50128,-0.025095187,0.015155027,0.029316261,8.258797,0.06759795
2025-04-20,0.4145303,11.505755,278.25595,18.50128,-0.0040571284,-0.019364554,0.019785,8.258797,0.06649696
2025-04-21,0.4145303,11.505755,278.25595,18.50128,0.0016190229,0.002562596,0.0030311935,8.258797,0.06722419
2025-04-22,0.4145303,11.505755,278.25595,18.50128,-0.013741349,0.001143018,0.013788805,8.258797,0.06870722
2025-04-23,0.4145303,11.505755,278.25595,18.50128,-0.013175869,-0.012175137,0.01793983,8.258797,0.068576284
2025-04-24,0.4145303,11.505755,278.25595,18.50128,-0.009904345,-0.00658283,0.011892421,8.258797,0.06642306
2025-04-25,0.4145303,11.505755,278.25595,18.50128,0.01306081,-0.01607456,0.020711742,8.258797,0.065746054
2025-04-26,0.4145303,11.505755,278.25595,18.50128,-2.083773e-05,-0.017446755,0.017446768,8.258797,0.06592704
2025-04-27,0.4145303,11.505755,278.25595,18.50128,-0.058560282,-0.0075280997,0.05904218,8.258797,0.06847485
2025-04-28,0.4145303,11.505755,278.25595,18.50128,-0.05113992,0.008711776,0.05187665,8.258797,0.07053486
2025-04-29,0.4145303,11.505755,278.25595,18.50128,-0.03680966,0.020533921,0.04214965,8.258797,0.07099138
2025-04-30,0.4145303,11.505755,278.25595,18.50128,-0.024779804,0.005273635,0.025334757,8.258797,0.07160694
2025-05-01,0.4145303,11.505755,278.25595,18.50128,-0.027868005,0.009412727,0.02941471,8.258797,0.07181322
2025-05-02,0.4145303,11.505755,278.25595,18.50128,-0.04157854,-0.02656741,0.04934169,8.258797,0.07100579
2025-05-03,0.4145303,11.505755,278.25595,18.50128,-0.013867397,-0.0024333887,0.014079278,8.258797,0.06983499
2025-05-04,0.4145303,11.505755,278.25595,18.50128,0.009971504,0.014794989,0.017841596,8.258797,0.0709928
2025-05-05,0.4145303,11.505755,278.25595,18.50128,0.011786172,0.013954132,0.018265586,8.258797,0.07144113
2025-05-06,0.4145303,11.505755,278.25595,18.50128,0.010577029,0.019031787,0.021773435,8.258797,0.070254244
2025-05-07,0.4145303,11.505755,278.25595,18.50128,0.030596543,0.01088345,0.032474574,8.258797,0.06994446
2025-05-08,0.4145303,11.505755,278.25595,18.50128,-0.0037708296,-0.013085826,0.013618297,8.258797,0.06923318
2025-05-09,0.4145303,11.505755,278.25595,18.50128,0.009503188,-0.0030093389,0.0099682845,8.258797,0.070082545
2025-05-10,0.4145303,11.505755,278.25595,18.50128,-0.034892805,0.0042753317,0.035153754,8.258797,0.06947884
2025-05-11,0.4145303,11.505755,278.25595,18.50128,-0.00750422,-0.007896077,0.010893179,8.258797,0.07114378
2025-05-12,0.4145303,11.505755,278.25595,18.50128,-0.012702399,-0.01359666,0.01860699,8.258797,0.070308216
2025-05-13,0.4145303,11.505755,278.25595,18.50128,-0.018800495,-0.032635793,0.03766369,8.258797,0.06999977
2025-05-14,0.4145303,11.505755,278.25595,18.50128,0.00064230204,-0.020969499,0.020979334,8.258797,0.07122249
2025-05-15,0.4145303,11.505755,278.25595,18.50128,0.025948094,0.01280885,0.028937351,8.258797,0.07266134
2025-05-16,0.4145303,11.505755,278.25595,18.50128,0.0064669196,0.0697244,0.07002366,8.258797,0.074029446
2025-05-17,0.4145303,11.505755,278.25595,18.50128,0.0076085334,0.007613933,0.01076391,8.258797,0.074407004
2025-05-18,0.4145303,11.505755,278.25595,18.50128,0.027149094,-0.021724988,0.034771375,8.258797,0.074611045
2025-05-19,0.4145303,11.505755,278.25595,18.50128,0.03736367,-0.011002767,0.03895003,8.258797,0.07657835
2025-05-20,0.4145303,11.505755,278.25595,18.50128,0.025954464,-0.02527953,0.03623105,8.258797,0.076071315
2025-05-21,0.4145303,11.505755,278.25595,18.50128,0.023633203,0.0064166733,0.024488812,8.258797,0.0745463
2025-05-22,0.4145303,11.505755,278.25595,18.50128,0.012848283,0.04350442,0.04536202,8.258797,0.07574556
2025-05-23,0.4145303,11.505755,278.25595,18.50128,-0.013170218,0.028332949,0.03124437,8.258797,0.07442858
2025-05-24,0.4145303,11.505755,278.25595,18.50128,-0.006811032,0.0075755357,0.010187193,8.258797,0.0716737
2025-05-25,0.4145303,11.505755,278.25595,18.50128,-0.016933838,0.03178708,0.036016293,8.258797,0.07161653
2025-05-26,0.4145303,11.505755,278.25595,18.50128,-0.010615275,0.018202,0.021071233,8.258797,0.073704146
2025-05-27,0.4145303,11.505755,278.25595,18.50128,0.015508726,-0.033756632,0.037148766,8.258797,0.075422734
2025-05-28,0.4145303,11.505755,278.25595,18.50128,0.016172415,-0.017467933,0.023804951,8.258797,0.07625412
2025-05-29,0.4145303,11.505755,278.25595,18.50128,0.0080961,-0.0031363736,0.008682377,8.258797,0.07357271
2025-05-30,0.4145303,11.505755,278.25595,18.50128,-0.008260948,-0.026776649,0.028021995,8.258797,0.07224921
2025-05-31,0.4145303,11.505755,278.25595,18.50128,-0.015443178,-0.012713402,0.020003058,8.258797,0.07215004
2025-06-01,0.4145303,11.505755,278.25595,18.50128,-0.0035124787,-0.018273588,0.018608104,8.258797,0.07140143
2025-06-02,0.4145303,11.505755,278.25595,18.50128,-0.0028350495,-0.042090163,0.042185534,8.258797,0.07109596
2025-06-03,0.4145303,11.505755,278.25595,18.50128,0.014797057,-0.019994594,0.024874419,8.258797,0.07275499
2025-06-04,0.4145303,11.505755,278.25595,18.50128,0.01957512,-0.015389966,0.02490053,8.258797,0.07199158
2025-06-05,0.4145303,11.505755,278.25595,18.50128,-0.0195292,0.010593849,0.022217544,8.258797,0.07017778
2025-06-06,0.4145303,11.505755,278.25595,18.50128,-0.028534869,0.028194863,0.040114697,8.258797,0.07085861
2025-06-07,0.4145303,11.505755,278.25595,18.50128,-0.029539242,0.020571053,0.035996318,8.258797,0.07180894
2025-06-08,0.4145303,11.505755,278.25595,18.50128,-0.024226362,0.015005785,0.028497197,8.258797,0.06987128
2025-06-09,0.4145303,11.505755,278.25595,18.50128,-0.019806817,-0.014146713,0.02434008,8.258797,0.06813249
2025-06-10,0.4145303,11.505755,278.25595,18.50128,-0.071252,-0.014075154,0.07262891,8.258797,0.069772035
2025-06-11,0.4145303,11.505755,278.25595,18.50128,-0.02819652,0.008005082,0.029310836,8.258797,0.06886124
2025-06-12,0.4145303,11.505755,278.25595,18.50128,-0.018092502,-0.020182531,0.027104856,8.258797,0.06899584
2025-06-13,0.4145303,11.505755,278.25595,18.50128,-0.02347154,-0.027632108,0.036255296,8.258797,0.070782326
2025-06-14,0.4145303,11.505755,278.25595,18.50128,-0.018461274,-0.047351614,0.050823163,8.258797,0.07300203
2025-06-15,0.4145303,11.505755,278.25595,18.50128,0.0013857001,-0.064717665,0.0647325,8.258797,0.074857906
2025-06-16,0.4145303,11.505755,278.25595,18.50128,0.0049298317,-0.06298591,0.06317855,8.258797,0.07468445
2025-06-17,0.4145303,11.505755,278.25595,18.50128,0.013703037,-0.028073339,0.031239167,8.258797,0.07265443
2025-06-18,0.4145303,11.505755,278.25595,18.50128,0.01621705,-0.016929096,0.02344327,8.258797,0.07273746
2025-06-19,0.4145303,11.505755,278.25595,18.50128,0.036303222,-0.012936624,0.03853933,8.258797,0.072285004
2025-06-20,0.4145303,11.505755,278.25595,18.50128,-0.01511536,-0.015295001,0.021503747,8.258797,0.072825804
2025-06-21,0.4145303,11.505755,278.25595,18.50128,-0.025139973,-0.019009577,0.031517968,8.258797,0.074264884
2025-06-22,0.4145303,11.505755,278.25595,18.50128,-0.018511007,-0.015368875,0.024059504,8.258797,0.07398756
2025-06-23,0.4145303,11.505755,278.25595,18.50128,0.020086795,-0.040620077,0.04531523,8.258797,0.076336555
2025-06-24,0.4145303,11.505755,278.25595,18.50128,0.019219141,0.011775667,0.02253978,8.258797,0.073741496
2025-06-25,0.4145303,11.505755,278.25595,18.50128,0.0067050327,0.013870657,0.015406252,8.258797,0.07208197
2025-06-26,0.4145303,11.505755,278.25595,18.50128,0.0123812165,-0.0055433954,0.013565536,8.258797,0.07102618
2025-06-27,0.4145303,11.505755,278.25595,18.50128,-0.020290926,0.006026014,0.021166826,8.258797,0.068366826
2025-06-28,0.4145303,11.505755,278.25595,18.50128,-0.01080058,-0.015868634,0.019195471,8.258797,0.06870684
2025-06-29,0.4145303,11.505755,278.25595,18.50128,-0.04847833,-0.05563125,0.07379014,8.258797,0.07126223
2025-06-30,0.4145303,11.505755,278.25595,18.50128,0.012097688,-0.04437392,0.045993462,8.258797,0.07244621
2025-07-01,0.4145303,11.505755,278.25595,18.50128,-0.0024353776,-0.029552175,0.029652353,8.258797,0.0719709
2025-07-02,0.4145303,11.505755,278.25595,18.50128,-0.0037415435,-0.026298879,0.0265637,8.258797,0.07110313
2025-07-03,0.4145303,11.505755,278.25595,18.50128,-0.016091516,-0.023673296,0.028624497,8.258797,0.07161318
2025-07-04,0.4145303,11.505755,278.25595,18.50128,-0.0018269239,-0.014816813,0.014929019,8.258797,0.070056826
2025-07-05,0.4145303,11.505755,278.25595,18.50128,-0.00054767524,-0.017738137,0.01774659,8.258797,0.06857435
2025-07-06,0.4145303,11.505755,278.25595,18.50128,-0.010694956,0.015815664,0.019092336,8.258797,0.066395745
2025-07-07,0.4145303,11.505755,278.25595,18.50128,-0.012643325,0.03497033,0.037185717,8.258797,0.06663529
2025-07-08,0.4145303,11.505755,278.25595,18.50128,-0.021451712,0.02359248,0.031887006,8.258797,0.067040265
2025-07-09,0.4145303,11.505755,278.25595,18.50128,-0.013181024,0.029630827,0.032430314,8.258797,0.065780304
2025-07-10,0.4145303,11.505755,278.25595,18.50128,-0.007934271,-0.030333236,0.031353753,8.258797,0.066784985
2025-07-11,0.4145303,11.505755,278.25595,18.50128,-0.03945043,-0.02252563,0.04542841,8.258797,0.06710855
2025-07-12,0.4145303,11.505755,278.25595,18.50128,-0.029971527,-0.012973869,0.032659054,8.258797,0.06656808
2025-07-13,0.4145303,11.505755,278.25595,18.50128,-0.009917885,-0.03434088,0.035744376,8.258797,0.0666121
2025-07-14,0.4145303,11.505755,278.25595,18.50128,-0.025704348,-0.021259371,0.033356775,8.258797,0.06562863
2025-07-15,0.4145303,11.505755,278.25595,18.50128,-0.021245854,-0.0034592103,0.021525623,8.258797,0.06491313
2025-07-16,0.4145303,11.505755,278.25595,18.50128,-0.0044197547,-0.018577319,0.019095838,8.258797,0.064628676
2025-07-17,0.4145303,11.505755,278.25595,18.50128,-0.008418635,0.0020709476,0.008669616,8.258797,0.063702285
2025-07-18,0.4145303,11.505755,278.25595,18.50128,0.0111414725,0.004939949,0.012187514,8.258797,0.06529999
2025-07-19,0.4145303,11.505755,278.25595,18.50128,-0.0051587294,-0.024577348,0.025112914,8.258797,0.06581425
2025-07-20,0.4145303,11.505755,278.25595,18.50128,-0.0034339034,-0.0020014935,0.003974628,8.258797,0.0665086
2025-07-21,0.4145303,11.505755,278.25595,18.50128,0.019295622,0.0007798168,0.019311374,8.258797,0.06684706
2025-07-22,0.4145303,11.505755,278.25595,18.50128,0.017702816,0.016120713,0.023942998,8.258797,0.0668917
2025-07-23,0.4145303,11.505755,278.25595,18.50128,-0.008101478,0.011364356,0.013956452,8.258797,0.066289514
2025-07-24,0.4145303,11.505755,278.25595,18.50128,-0.03510165,0.009614226,0.03639449,8.258797,0.065586634
2025-07-25,0.4145303,11.505755,278.25595,18.50128,-0.038898632,0.0032441628,0.03903368,8.258797,0.065410085
2025-07-26,0.4145303,11.505755,278.25595,18.50128,-0.016537791,0.0067792437,0.01787335,8.258797,0.06631151
2025-07-27,0.4145303,11.505755,278.25595,18.50128,-0.035316642,0.03571133,0.050225135,8.258797,0.06589664
2025-07-28,0.4145303,11.505755,278.25595,18.50128,-0.025059339,0.02966837,0.038835328,8.258797,0.06624727
2025-07-29,0.4145303,11.505755,278.25595,18.50128,-0.022597292,0.005244173,0.023197824,8.258797,0.06589188
2025-07-30,0.4145303,11.505755,278.25595,18.50128,-0.024434928,-0.04904647,0.05479619,8.258797,0.06674953
2025-07-31,0.4145303,11.505755,278.25595,18.50128,-0.039801873,-0.019417914,0.044285942,8.258797,0.068311505
2025-08-01,0.4145303,11.505755,278.25595,18.50128,-0.053768717,-0.0066441717,0.054177668,8.258797,0.06874664
2025-08-02,0.4145303,11.505755,278.25595,18.50128,-0.052109525,0.0020369522,0.052149322,8.258797,0.068997435
2025-08-03,0.4145303,11.505755,278.25595,18.50128,-0.023933578,-0.019547056,0.030901514,8.258797,0.06943304
2025-08-04,0.4145303,11.505755,278.25595,18.50128,-0.018511385,-0.0030843588,0.018766582,8.258797,0.068711475
2025-08-05,0.4145303,11.505755,278.25595,18.50128,-0.03668506,0.005362618,0.037074942,8.258797,0.06900255
2025-08-06,0.4145303,11.505755,278.25595,18.50128,-0.04702405,0.012870096,0.048753466,8.258797,0.06862157
2025-08-07,0.4145303,11.505755,278.25595,18.50128,-0.06865474,-0.017828465,0.07093185,8.258797,0.07019335
2025-08-08,0.4145303,11.505755,278.25595,18.50128,-0.06701429,-0.014900943,0.06865095,8.258797,0.072416276
2025-08-09,0.4145303,11.505755,278.25595,18.50128,-0.034462053,-0.013125093,0.03687684,8.258797,0.07141069
2025-08-10,0.4145303,11.505755,278.25595,18.50128,-0.028342772,-0.008901094,0.029707612,8.258797,0.071853
2025-08-11,0.4145303,11.505755,278.25595,18.50128,-0.017479084,-0.006124388,0.018520975,8.258797,0.07096252
2025-08-12,0.4145303,11.505755,278.25595,18.50128,-0.049038388,0.0029407435,0.049126487,8.258797,0.0730682
2025-08-13,0.4145303,11.505755,278.25595,18.50128,-0.0395985,0.019412443,0.04410084,8.258797,0.07322837
2025-08-14,0.4145303,11.505755,278.25595,18.50128,-0.04381249,0.02285164,0.049413882,8.258797,0.07310078
2025-08-15,0.4145303,11.505755,278.25595,18.50128,-0.06290836,0.0074639455,0.0633496,8.258797,0.073891066
2025-08-16,0.4145303,11.505755,278.25595,18.50128,-0.05810825,0.024706068,0.06314237,8.258797,0.074533746
2025-08-17,0.4145303,11.505755,278.25595,18.50128,-0.030870633,0.02029345,0.036943473,8.258797,0.072890356
2025-08-18,0.4145303,11.505755,278.25595,18.50128,-0.018372832,-0.018711919,0.026223974,8.258797,0.071760386
2025-08-19,0.4145303,11.505755,278.25595,18.50128,-0.048732746,-0.012207245,0.050238404,8.258797,0.07281363
2025-08-20,0.4145303,11.505755,278.25595,18.50128,-0.024838964,-0.010370776,0.02691704,8.258797,0.073220804
2025-08-21,0.4145303,11.505755,278.25595,18.50128,0.013302215,-0.016369635,0.021092983,8.258797,0.074461855
2025-08-22,0.4145303,11.505755,278.25595,18.50128,0.019653121,0.029642005,0.035565343,8.258797,0.074421704
2025-08-23,0.4145303,11.505755,278.25595,18.50128,0.01313291,-0.025849039,0.028993897,8.258797,0.07445986
2025-08-24,0.4145303,11.505755,278.25595,18.50128,-0.011847563,-0.028944299,0.031275183,8.258797,0.07289627
2025-08-25,0.4145303,11.505755,278.25595,18.50128,-0.04284598,-0.019412948,0.04703871,8.258797,0.07416383
2025-08-26,0.4145303,11.505755,278.25595,18.50128,-0.020207344,0.0013774931,0.02025424,8.258797,0.07413102
2025-08-27,0.4145303,11.505755,278.25595,18.50128,-0.023133973,0.018933011,0.029893804,8.258797,0.07408387
2025-08-28,0.4145303,11.505755,278.25595,18.50128,-0.053231813,0.012009044,0.054569617,8.258797,0.074066594
2025-08-29,0.4145303,11.505755,278.25595,18.50128,-0.047453154,0.022703163,0.05260452,8.258797,0.07343601
2025-08-30,0.4145303,11.505755,278.25595,18.50128,-0.014101527,-0.0053988653,0.015099696,8.258797,0.070432045
2025-08-31,0.4145303,11.505755,278.25595,18.50128,0.00181751,0.0030003465,0.0035079084,8.258797,0.069291614
2025-09-01,0.4145303,11.505755,278.25595,18.50128,0.010303746,-0.022207694,0.024481602,8.258797,0.06908454
2025-09-02,0.4145303,11.505755,278.25595,18.50128,-0.005274063,-0.038527194,0.038886506,8.258797,0.06906642
2025-09-03,0.4145303,11.505755,278.25595,18.50128,-0.023067854,-0.01931979,0.030089535,8.258797,0.06893027
2025-09-04,0.4145303,11.505755,278.25595,18.50128,-0.042040903,0.00094818993,0.042051595,8.258797,0.06979217
2025-09-05,0.4145303,11.505755,278.25595,18.50128,-0.04676022,0.025828278,0.053419266,8.258797,0.07073669
2025-09-06,0.4145303,11.505755,278.25595,18.50128,-0.045059595,0.0074505303,0.045671407,8.258797,0.07161221
2025-09-07,0.4145303,11.505755,278.25595,18.50128,-0.045108184,-0.0060952916,0.045518138,8.258797,0.07339704
2025-09-08,0.4145303,11.505755,278.25595,18.50128,-0.022132779,-0.008183889,0.023597373,8.258797,0.07396389
2025-09-09,0.4145303,11.505755,278.25595,18.50128,-0.018571377,-0.0219272,0.028734963,8.258797,0.073665746
2025-09-10,0.4145303,11.505755,278.25595,18.50128,-0.017302167,-0.026597107,0.031729657,8.258797,0.07429452
2025-09-11,0.4145303,11.505755,278.25595,18.50128,-0.030316249,-0.0036048393,0.030529818,8.258797,0.07423568
2025-09-12,0.4145303,11.505755,278.25595,18.50128,-0.033731293,0.015782768,0.037241053,8.258797,0.075898334
2025-09-13,0.4145303,11.505755,278.25595,18.50128,-0.07544527,0.029999493,0.08119088,8.258797,0.07810473
2025-09-14,0.4145303,11.505755,278.25595,18.50128,-0.046461463,0.027096855,0.053785753,8.258797,0.07889777
2025-09-15,0.4145303,11.505755,278.25595,18.50128,-0.03224451,0.004573817,0.03256729,8.258797,0.07901113
2025-09-16,0.4145303,11.505755,278.25595,18.50128,-0.01680462,-0.018395262,0.024915477,8.258797,0.07779676
2025-09-17,0.4145303,11.505755,278.25595,18.50128,-0.0061491095,-0.00066443527,0.006184903,8.258797,0.07644139
2025-09-18,0.4145303,11.505755,278.25595,18.50128,-0.026004633,-0.10210025,0.105359875,8.258797,0.08055019
2025-09-19,0.4145303,11.505755,278.25595,18.50128,-0.05031826,-0.07808045,0.09288964,8.258797,0.08297542
2025-09-20,0.4145303,11.505755,278.25595,18.50128,-0.014412576,-0.05648208,0.05829192,8.258797,0.08401922
2025-09-21,0.4145303,11.505755,278.25595,18.50128,-0.0229588,0.004407503,0.023378037,8.258797,0.083685204
2025-09-22,0.4145303,11.505755,278.25595,18.50128,-0.012045822,0.0451597,0.04673864,8.258797,0.08331546
2025-09-23,0.4145303,11.505755,278.25595,18.50128,-0.012888273,0.0297739,0.032443687,8.258797,0.08349478
2025-09-24,0.4145303,11.505755,278.25595,18.50128,-0.017446272,0.0051215957,0.018182496,8.258797,0.079997964
2025-09-25,0.4145303,11.505755,278.25595,18.50128,-0.068330936,-0.016221099,0.07022992,8.258797,0.08315106
2025-09-26,0.4145303,11.505755,278.25595,18.50128,-0.097861335,0.01732358,0.09938283,8.258797,0.0866802
2025-09-27,0.4145303,11.505755,278.25595,18.50128,-0.05979636,0.004835327,0.059991542,8.258797,0.08763168
2025-09-28,0.4145303,11.505755,278.25595,18.50128,-0.031844027,0.0019391741,0.031903017,8.258797,0.089580484
2025-09-29,0.4145303,11.505755,278.25595,18.50128,-0.03336926,-0.0031627151,0.033518806,8.258797,0.08879831
2025-09-30,0.4145303,11.505755,278.25595,18.50128,-0.021318335,-0.030188447,0.036956917,8.258797,0.08767077
2025-10-01,0.4145303,11.505755,278.25595,18.50128,-0.0084478725,-0.015093616,0.01729693,8.258797,0.08604867
2025-10-02,0.4145303,11.505755,278.25595,18.50128,-0.04065321,0.01070119,0.042038064,8.258797,0.08700512
2025-10-03,0.4145303,11.505755,278.25595,18.50128,-0.028129192,0.037516944,0.04689107,8.258797,0.08915983
2025-10-04,0.4145303,11.505755,278.25595,18.50128,0.017354518,0.0014279734,0.017413167,8.258797,0.092967935
2025-10-05,0.4145303,11.505755,278.25595,18.50128,0.02807812,-0.014672321,0.03168056,8.258797,0.09708656
2025-10-06,0.4145303,11.505755,278.25595,18.50128,0.0066303886,0.019811615,0.020891678,8.258797,0.096457265
2025-10-07,0.4145303,11.505755,278.25595,18.50128,-0.028390137,0.025540968,0.03818823,8.258797,0.09741581
2025-10-08,0.4145303,11.505755,278.25595,18.50128,-0.004610708,-0.008676365,0.009825372,8.258797,0.09313267
2025-10-09,0.4145303,11.505755,278.25595,18.50128,0.021528304,-0.040135555,0.045544818,8.258797,0.09044661
2025-10-10,0.4145303,11.505755,278.25595,18.50128,0.02719913,-0.09249878,0.09641481,8.258797,0.09219328
2025-10-11,0.4145303,11.505755,278.25595,18.50128,0.011038026,-0.038999267,0.040531233,8.258797,0.09239615
2025-10-12,0.4145303,11.505755,278.25595,18.50128,0.011802879,-0.042153656,0.04377486,8.258797,0.09242414
2025-10-13,0.4145303,11.505755,278.25595,18.50128,0.020443542,-0.031192878,0.037295226,8.258797,0.090100706
2025-10-14,0.4145303,11.505755,278.25595,18.50128,0.0048622373,0.006954865,0.008485959,8.258797,0.088266134
2025-10-15,0.4145303,11.505755,278.25595,18.50128,-0.013143622,-0.006506909,0.014666107,8.258797,0.08737169
2025-10-16,0.4145303,11.505755,278.25595,18.50128,-0.043156017,0.0114410445,0.04464683,8.258797,0.093786985
2025-10-17,0.4145303,11.505755,278.25595,18.50128,-0.023115156,0.036368504,0.04309267,8.258797,0.09229958
2025-10-18,0.4145303,11.505755,278.25595,18.50128,-0.020775424,0.017869642,0.027403329,8.258797,0.0923831
2025-10-19,0.4145303,11.505755,278.25595,18.50128,-0.014462013,-0.021309398,0.025753452,8.258797,0.09037462
2025-10-20,0.4145303,11.505755,278.25595,18.50128,-0.00037544037,-0.031949643,0.03195185,8.258797,0.09045872
2025-10-21,0.4145303,11.505755,278.25595,18.50128,-0.0006570248,0.0049045864,0.0049483986,8.258797,0.094756566
2025-10-22,0.4145303,11.505755,278.25595,18.50128,0.014090457,0.024118932,0.027933203,8.258797,0.09282247
2025-10-23,0.4145303,11.505755,278.25595,18.50128,0.005344586,0.017145019,0.017958738,8.258797,0.08973706
2025-10-24,0.4145303,11.505755,278.25595,18.50128,0.032397658,0.033887256,0.046882346,8.258797,0.095139876
2025-10-25,0.4145303,11.505755,278.25595,18.50128,0.01865139,-0.015483948,0.024241019,8.258797,0.0974074
2025-10-26,0.4145303,11.505755,278.25595,18.50128,0.015944017,0.008974514,0.018296273,8.258797,0.098609686
2025-10-27,0.4145303,11.505755,278.25595,18.50128,0.0345028,0.02737516,0.044043645,8.258797,0.09974622
2025-10-28,0.4145303,11.505755,278.25595,18.50128,0.018523201,-0.025966486,0.031896196,8.258797,0.0994735
2025-10-29,0.4145303,11.505755,278.25595,18.50128,0.011143453,-0.039169453,0.040723737,8.258797,0.09663855
2025-10-30,0.4145303,11.505755,278.25595,18.50128,0.014926676,0.019821256,0.024813058,8.258797,0.09591917
2025-10-31,0.4145303,11.505755,278.25595,18.50128,0.026745997,0.00759427,0.027803263,8.258797,0.09809621
2025-11-01,0.4145303,11.505755,278.25595,18.50128,-0.011969826,-0.012229724,0.017112654,8.258797,0.09518344
2025-11-02,0.4145303,11.505755,278.25595,18.50128,-0.02179149,0.026118167,0.034015108,8.258797,0.09694778
2025-11-03,0.4145303,11.505755,278.25595,18.50128,-0.014185367,0.03594954,0.038647044,8.258797,0.09785347
2025-11-04,0.4145303,11.505755,278.25595,18.50128,-0.010975021,-0.005877472,0.012449729,8.258797,0.093526125
2025-11-05,0.4145303,11.505755,278.25595,18.50128,-0.0349829,-0.006311658,0.03554772,8.258797,0.09235762
2025-11-06,0.4145303,11.505755,278.25595,18.50128,-0.043398347,0.019527426,0.047589254,8.258797,0.09318092
2025-11-07,0.4145303,11.505755,278.25595,18.50128,-0.038901392,0.016061436,0.042086672,8.258797,0.09316434
2025-11-08,0.4145303,11.505755,278.25595,18.50128,-0.013991411,-0.0077405404,0.015989857,8.258797,0.09115879
2025-11-09,0.4145303,11.505755,278.25595,18.50128,0.005985398,0.010647867,0.01221483,8.258797,0.09021291
2025-11-10,0.4145303,11.505755,278.25595,18.50128,0.006403879,0.019108498,0.020153023,8.258797,0.09140965
2025-11-11,0.4145303,11.505755,278.25595,18.50128,0.0062525757,0.001853674,0.006521565,8.258797,0.091280885
2025-11-12,0.4145303,11.505755,278.25595,18.50128,-0.0011335454,-0.02919629,0.029218286,8.258797,0.090678416
2025-11-13,0.4145303,11.505755,278.25595,18.50128,-0.0036256914,-0.016935823,0.017319577,8.258797,0.08975117
2025-11-14,0.4145303,11.505755,278.25595,18.50128,-0.018419586,-0.0033898444,0.018728914,8.258797,0.08881651
2025-11-15,0.4145303,11.505755,278.25595,18.50128,0.004553572,-0.0065831332,0.008004541,8.258797,0.09207171
2025-11-16,0.4145303,11.505755,278.25595,18.50128,0.013206508,0.0020549144,0.013365422,8.258797,0.09478928
2025-11-17,0.4145303,11.505755,278.25595,18.50128,0.047087926,0.029481003,0.0555554,8.258797,0.10011397
2025-11-18,0.4145303,11.505755,278.25595,18.50128,0.0401399,0.01379724,0.042444967,8.258797,0.10183534
2025-11-19,0.4145303,11.505755,278.25595,18.50128,-0.0039654276,0.005178105,0.006522069,8.258797,0.098803386
2025-11-20,0.4145303,11.505755,278.25595,18.50128,-0.0013710766,0.0145616215,0.014626027,8.258797,0.09847668
2025-11-21,0.4145303,11.505755,278.25595,18.50128,0.0009062885,0.0268877,0.02690297,8.258797,0.097619765
2025-11-22,0.4145303,11.505755,278.25595,18.50128,-0.0016506584,0.021743065,0.021805631,8.258797,0.099609256
2025-11-23,0.4145303,11.505755,278.25595,18.50128,0.00025956592,0.019875722,0.019877417,8.258797,0.09918103
2025-11-24,0.4145303,11.505755,278.25595,18.50128,0.005377155,-0.024702964,0.02528142,8.258797,0.09638898
2025-11-25,0.4145303,11.505755,278.25595,18.50128,-2.9252613e-05,0.019800415,0.019800436,8.258797,0.09687168
2025-11-26,0.4145303,11.505755,278.25595,18.50128,0.009042049,0.027200293,0.02866382,8.258797,0.09960057
2025-11-27,0.4145303,11.505755,278.25595,18.50128,-0.0019071901,0.024347428,0.02442201,8.258797,0.10214015
2025-11-28,0.4145303,11.505755,278.25595,18.50128,-0.018382395,0.0126742525,0.022328213,8.258797,0.101904646
2025-11-29,0.4145303,11.505755,278.25595,18.50128,-0.024105264,0.023091415,0.03338079,8.258797,0.10475581
2025-11-30,0.4145303,11.505755,278.25595,18.50128,-0.0061484845,-0.008647673,0.010610661,8.258797,0.10164652
2025-12-01,0.4145303,11.505755,278.25595,18.50128,0.0068082884,-0.029882839,0.030648602,8.258797,0.09799958
